MSA,Date,zillowhousesales,Population,creditunion,mortgageloans,refinancing,home_homesforsale,homeshousescondo,realestate,realtorzillow,car,car_carsforsale,carautodealer,carloancalculator,car_autoloan,dmv,autotrader,flight,hotel,tripadvisor,unemploymentbenefits,glassdoorindeed,job,schoolclinic,walmart,starbucksapple,tripadvisor_expedia
Charleston,2007-01-01,,616351,59,84,16,70,72,89,15,63,57,52,0,58,54,28,29,73,21,0,3,58,70,16,35,27
Charleston,2007-02-01,,617532,57,99,34,67,79,81,13,55,57,52,0,75,70,15,27,92,22,0,0,48,72,22,37,41
Charleston,2007-03-01,,618714,59,87,15,73,72,100,22,64,48,52,0,65,52,13,21,79,41,0,3,53,70,16,47,38
Charleston,2007-04-01,,619895,63,78,16,68,70,72,20,72,62,51,0,73,51,21,30,97,0,0,3,47,60,20,27,27
Charleston,2007-05-01,,621076,59,71,14,67,73,86,18,73,73,75,41,80,73,44,30,89,25,0,3,67,73,24,18,42
Charleston,2007-06-01,,622258,52,77,0,77,74,95,24,76,64,78,0,79,88,26,29,94,27,29,6,67,57,24,50,41
Charleston,2007-07-01,,623439,56,54,29,66,76,90,31,78,71,80,0,66,100,31,26,96,6,0,5,63,58,22,40,49
Charleston,2007-08-01,,624620,57,83,14,81,76,71,17,60,48,66,0,73,67,47,30,81,24,0,3,64,86,24,33,43
Charleston,2007-09-01,,625802,45,64,27,67,68,58,17,65,59,61,78,55,57,47,27,81,24,0,0,64,92,27,42,40
Charleston,2007-10-01,,626983,50,59,36,59,76,61,19,67,74,62,0,64,41,37,41,90,27,0,5,66,78,27,32,35
Charleston,2007-11-01,,628164,56,53,24,64,73,59,15,61,70,61,36,54,52,16,28,69,22,0,0,56,71,38,42,24
Charleston,2007-12-01,,629346,62,88,27,61,62,59,16,63,63,53,38,56,29,40,36,53,12,0,2,51,62,42,50,39
Charleston,2008-01-01,,630527,64,99,57,73,70,77,23,62,73,57,32,78,43,20,25,76,24,0,6,64,74,23,30,39
Charleston,2008-02-01,,630607,76,78,0,66,78,69,14,71,66,54,100,55,58,36,30,77,15,22,7,52,70,29,37,34
Charleston,2008-03-01,778,630687,58,74,46,69,75,66,25,73,81,79,33,76,43,25,46,83,10,0,4,68,66,25,43,51
Charleston,2008-04-01,825,630766,52,78,22,66,68,63,12,74,73,71,0,72,69,48,28,72,15,0,8,53,77,26,38,57
Charleston,2008-05-01,808,630846,56,61,34,64,65,66,33,81,75,81,64,76,44,39,42,91,10,21,11,61,70,29,42,47
Charleston,2008-06-01,834,630926,72,48,12,66,73,63,11,90,84,91,0,74,38,42,29,78,26,0,16,80,60,34,46,47
Charleston,2008-07-01,878,631006,70,59,11,73,72,63,14,78,73,71,64,78,65,63,30,89,29,21,6,72,59,33,48,63
Charleston,2008-08-01,705,631085,61,55,11,65,76,53,26,73,81,73,0,66,69,43,32,80,28,0,8,66,77,30,48,43
Charleston,2008-09-01,663,631165,58,58,20,62,75,55,11,62,65,65,30,58,62,27,40,63,40,0,12,70,84,29,48,52
Charleston,2008-10-01,624,631245,64,68,10,54,72,38,16,63,64,68,0,65,40,29,29,63,34,72,11,81,80,25,46,26
Charleston,2008-11-01,466,631325,53,49,11,61,66,40,15,68,62,61,31,57,35,51,25,66,0,61,4,65,63,46,59,18
Charleston,2008-12-01,500,631404,66,99,67,57,63,50,20,63,56,54,0,65,46,43,46,59,10,21,8,63,67,56,44,32
Charleston,2009-01-01,410,631484,71,82,52,75,77,53,26,69,65,71,0,54,43,27,45,68,32,58,14,100,78,27,36,35
Charleston,2009-02-01,391,632355,54,58,44,66,70,52,15,67,74,62,0,72,61,48,40,73,34,0,8,67,86,31,34,43
Charleston,2009-03-01,564,633225,70,87,40,60,71,53,17,71,83,65,56,81,58,30,37,76,26,0,20,80,77,27,38,36
Charleston,2009-04-01,537,634096,62,59,75,67,74,42,23,77,77,68,0,79,40,37,40,67,23,79,12,69,73,28,42,26
Charleston,2009-05-01,587,634966,70,73,21,67,78,54,30,71,78,72,30,76,42,37,40,83,23,60,14,69,63,27,35,29
Charleston,2009-06-01,730,635837,67,71,11,75,73,52,19,84,79,75,0,77,52,15,44,93,10,0,28,74,62,32,41,30
Charleston,2009-07-01,781,636707,60,57,22,71,68,53,14,83,86,78,32,73,29,48,51,84,24,21,15,76,60,29,42,44
Charleston,2009-08-01,723,637578,62,31,22,72,66,46,36,71,72,74,0,68,35,23,46,82,19,41,21,85,89,33,41,42
Charleston,2009-09-01,670,638448,60,40,11,64,66,41,23,77,66,70,30,66,41,32,45,76,37,19,6,67,83,29,50,36
Charleston,2009-10-01,703,639319,59,59,50,63,68,37,17,61,65,69,0,70,34,48,39,59,30,56,21,79,86,25,42,49
Charleston,2009-11-01,667,640189,40,52,11,64,68,45,27,64,64,61,30,75,52,32,35,57,9,78,20,71,89,44,38,36
Charleston,2009-12-01,819,641060,67,46,32,51,67,40,18,58,65,75,30,61,42,27,58,55,23,40,16,49,69,55,45,28
Charleston,2010-01-01,586,641930,51,39,20,73,77,47,26,68,66,76,0,76,60,30,34,69,35,18,11,77,84,33,69,29
Charleston,2010-02-01,590,643057,53,51,20,73,69,39,21,72,71,70,28,71,33,65,43,81,22,37,21,69,81,33,45,29
Charleston,2010-03-01,755,644184,57,55,19,66,75,51,22,70,70,72,0,67,50,57,47,73,28,35,16,71,79,29,44,37
Charleston,2010-04-01,806,645312,45,74,20,68,70,47,40,66,73,66,28,79,35,21,59,79,34,18,26,69,83,30,40,24
Charleston,2010-05-01,872,646439,54,67,11,65,77,52,16,78,84,73,89,77,39,59,53,72,32,39,18,90,83,30,48,41
Charleston,2010-06-01,959,647566,71,58,22,67,67,50,22,71,76,69,0,74,46,62,53,81,43,42,32,83,69,40,51,46
Charleston,2010-07-01,753,648693,100,71,73,72,70,43,15,77,71,77,30,63,48,45,53,82,28,98,20,85,62,33,53,41
Charleston,2010-08-01,752,649820,73,47,100,58,68,53,30,67,69,68,0,71,54,65,38,81,26,0,34,68,96,34,38,22
Charleston,2010-09-01,695,650947,49,40,19,67,64,38,23,67,67,70,28,67,37,55,41,69,38,55,33,75,85,25,43,55
Charleston,2010-10-01,673,652075,76,58,77,56,66,41,24,75,74,75,0,82,61,54,29,71,17,36,38,67,90,33,48,42
Charleston,2010-11-01,664,653202,71,48,28,58,68,35,28,60,65,65,0,71,40,53,37,64,21,18,31,81,70,53,55,46
Charleston,2010-12-01,724,654329,74,36,40,52,65,39,22,64,79,75,0,62,46,26,39,56,9,56,32,68,70,64,71,37
Charleston,2011-01-01,588,655456,65,56,29,72,72,48,33,66,64,66,9,68,56,71,47,57,34,18,48,77,88,35,56,48
Charleston,2011-02-01,598,656598,61,48,10,62,70,51,27,73,70,68,20,68,50,52,49,71,39,13,39,69,75,35,55,35
Charleston,2011-03-01,802,657740,54,56,13,65,70,43,33,73,70,71,18,70,52,49,37,69,40,0,48,72,75,33,63,56
Charleston,2011-04-01,712,658881,52,33,20,68,72,47,29,71,74,71,28,67,49,59,41,77,37,6,44,71,64,32,55,48
Charleston,2011-05-01,853,660023,56,44,16,65,75,43,22,76,80,75,37,74,50,58,46,75,54,24,39,71,74,32,54,48
Charleston,2011-06-01,863,661165,64,42,13,69,76,45,27,77,78,76,19,78,72,52,50,81,52,25,38,81,57,35,58,56
Charleston,2011-07-01,783,662307,55,54,22,70,80,47,28,71,75,73,18,74,62,74,43,79,53,0,48,68,63,47,56,51
Charleston,2011-08-01,865,663448,56,45,30,68,70,38,37,69,70,69,34,68,56,83,46,62,46,22,46,77,93,41,60,47
Charleston,2011-09-01,704,664590,56,55,48,66,70,41,27,73,68,66,9,66,43,50,47,62,32,6,49,75,79,39,56,49
Charleston,2011-10-01,669,665732,57,41,53,59,65,37,28,65,69,63,24,67,41,53,45,56,46,21,52,69,76,38,84,43
Charleston,2011-11-01,717,666874,60,50,37,66,67,32,29,63,64,62,16,64,52,62,38,47,32,11,48,61,69,63,81,39
Charleston,2011-12-01,647,668015,63,46,35,64,67,34,29,63,68,68,33,66,51,61,30,49,35,16,45,54,56,60,71,31
Charleston,2012-01-01,540,669157,59,48,34,70,75,38,35,66,69,64,22,70,66,80,36,57,37,15,61,67,73,39,61,47
Charleston,2012-02-01,576,670303,65,50,16,64,74,40,29,69,70,69,31,69,58,76,36,62,40,5,64,61,72,39,54,47
Charleston,2012-03-01,735,671448,56,54,13,65,70,40,33,70,69,70,38,67,45,60,43,62,54,25,51,62,73,37,66,69
Charleston,2012-04-01,789,672594,52,36,14,65,73,46,36,66,70,66,23,76,49,62,36,60,47,21,51,66,65,34,55,55
Charleston,2012-05-01,838,673739,47,48,37,69,78,38,40,70,75,75,45,79,54,74,47,66,55,0,62,77,76,35,55,66
Charleston,2012-06-01,892,674885,61,52,29,69,74,36,35,69,76,75,30,79,52,57,46,65,67,15,66,70,49,40,59,64
Charleston,2012-07-01,873,676031,55,59,32,72,78,44,37,72,72,75,42,79,53,72,44,70,62,9,68,65,61,38,62,73
Charleston,2012-08-01,1029,677176,48,51,28,68,73,36,36,68,66,68,35,71,59,77,39,59,56,5,60,71,85,41,65,62
Charleston,2012-09-01,771,678322,49,39,37,67,75,36,35,73,76,71,15,69,50,66,41,53,48,5,65,68,72,38,79,47
Charleston,2012-10-01,887,679467,48,41,15,61,71,32,34,61,65,64,0,66,55,48,39,50,46,5,65,63,77,39,74,59
Charleston,2012-11-01,784,680613,48,35,10,64,69,27,23,60,60,62,15,62,51,46,40,42,29,5,62,56,74,66,74,48
Charleston,2012-12-01,821,681758,56,53,34,71,71,29,32,58,60,61,29,69,37,58,41,44,42,14,54,51,63,65,87,47
Charleston,2013-01-01,774,682904,53,55,23,81,84,39,35,68,71,70,26,66,52,67,40,57,50,26,71,72,69,41,69,53
Charleston,2013-02-01,723,684102,52,47,19,76,81,33,37,65,65,69,27,64,41,66,43,57,61,18,73,58,71,33,65,69
Charleston,2013-03-01,869,685300,50,50,27,73,80,36,35,71,69,72,24,72,52,80,42,62,72,0,75,60,70,36,62,64
Charleston,2013-04-01,1039,686498,47,44,19,70,79,38,38,68,71,70,6,67,41,62,45,60,65,8,70,64,66,37,53,59
Charleston,2013-05-01,1148,687696,47,40,29,79,83,36,44,70,71,72,25,76,48,65,48,61,72,8,90,65,76,40,54,60
Charleston,2013-06-01,1135,688894,44,49,13,76,81,38,42,73,76,75,6,70,51,63,51,65,56,25,82,63,53,42,63,73
Charleston,2013-07-01,1301,690093,42,49,15,81,85,41,46,68,71,71,75,74,55,65,47,68,81,21,84,67,53,42,56,67
Charleston,2013-08-01,1263,691291,47,47,11,70,79,36,43,70,77,76,25,72,58,67,40,60,81,12,74,68,88,43,62,80
Charleston,2013-09-01,1047,692489,40,45,18,69,74,29,43,65,67,68,13,79,40,61,39,58,42,17,91,63,78,38,81,63
Charleston,2013-10-01,1155,693687,39,48,11,69,72,28,29,67,69,70,12,70,48,68,42,54,62,12,76,57,80,42,78,54
Charleston,2013-11-01,882,694885,52,33,7,70,74,27,37,63,69,67,19,69,37,62,40,43,43,13,74,56,68,63,81,45
Charleston,2013-12-01,931,696083,46,28,15,67,68,23,31,68,69,70,37,70,39,57,47,43,40,20,72,50,57,66,74,47
Charleston,2014-01-01,780,697281,49,38,13,79,79,29,41,68,69,66,21,68,52,65,51,54,40,41,76,67,77,36,62,59
Charleston,2014-02-01,739,698527,52,38,23,75,78,33,45,74,72,72,41,76,42,66,54,61,44,31,84,60,74,40,47,57
Charleston,2014-03-01,1030,699773,49,40,15,74,80,30,47,81,74,78,38,73,47,55,52,59,64,60,72,59,69,39,53,67
Charleston,2014-04-01,1071,701019,49,49,8,71,79,32,47,72,73,69,49,68,43,44,36,61,66,14,79,59,63,35,57,72
Charleston,2014-05-01,1269,702265,44,38,4,79,81,33,48,70,78,78,24,77,52,56,51,62,68,31,83,62,68,40,58,74
Charleston,2014-06-01,1349,703511,51,48,19,82,86,31,57,83,81,84,41,86,53,48,50,71,87,9,84,62,51,40,61,73
Charleston,2014-07-01,1319,704757,43,42,10,80,87,38,50,79,80,80,57,79,57,44,53,64,84,23,88,64,52,44,62,76
Charleston,2014-08-01,1356,706002,49,43,10,76,79,35,47,72,76,82,35,76,55,50,44,57,83,9,81,61,86,41,66,82
Charleston,2014-09-01,1196,707248,45,38,12,72,77,31,48,65,68,67,13,75,45,50,49,57,64,26,92,61,78,38,100,59
Charleston,2014-10-01,1223,708494,55,36,4,65,77,30,45,69,71,68,38,71,52,45,43,52,61,12,82,63,78,37,78,64
Charleston,2014-11-01,1020,709740,51,34,9,69,74,22,47,70,66,70,6,72,38,36,40,46,62,4,71,49,67,61,76,58
Charleston,2014-12-01,1132,710986,49,38,12,68,72,23,41,66,68,70,13,75,51,36,49,52,44,17,74,45,56,64,78,57
Charleston,2015-01-01,851,712232,50,53,9,79,86,29,53,66,69,66,20,67,42,43,52,54,54,13,91,61,74,38,63,68
Charleston,2015-02-01,840,713569,59,42,27,72,81,28,54,77,72,70,56,78,46,50,47,59,42,14,82,59,82,37,53,73
Charleston,2015-03-01,1490,714905,47,52,17,79,79,30,61,74,77,79,33,79,52,42,60,64,61,4,77,61,72,37,59,74
Charleston,2015-04-01,1394,716242,48,38,30,80,83,34,50,76,76,80,20,72,47,55,50,66,71,0,78,56,67,40,68,62
Charleston,2015-05-01,1438,717578,57,36,12,84,89,32,57,76,82,79,7,83,33,57,53,59,54,19,78,61,70,43,65,69
Charleston,2015-06-01,1633,718915,53,44,18,87,86,34,65,77,84,81,37,82,56,48,57,65,100,15,85,57,49,47,69,100
Charleston,2015-07-01,1663,720252,55,40,16,83,91,33,71,79,87,83,39,75,63,56,63,78,88,5,86,66,51,43,76,97
Charleston,2015-08-01,1307,721588,43,39,26,74,83,30,59,73,79,85,29,80,57,56,54,69,74,0,94,62,85,43,76,84
Charleston,2015-09-01,1636,722925,43,39,20,69,80,27,47,70,73,71,21,70,45,39,55,61,64,9,91,59,73,37,91,67
Charleston,2015-10-01,1377,724261,45,27,7,68,72,22,52,63,73,70,7,76,42,39,56,49,49,9,81,57,80,36,74,54
Charleston,2015-11-01,928,725598,43,36,15,76,71,20,40,66,72,78,7,71,36,35,53,51,44,14,76,51,67,64,92,57
Charleston,2015-12-01,1236,726934,43,31,12,73,75,24,45,69,79,77,20,75,43,28,55,47,46,9,75,44,53,66,84,41
Charleston,2016-01-01,888,728271,38,38,22,82,88,26,56,76,78,74,12,85,45,32,60,59,39,3,73,57,60,38,68,55
Charleston,2016-02-01,864,729608,39,42,22,80,88,23,54,90,94,90,37,85,55,37,60,63,48,14,79,52,62,43,60,53
Charleston,2016-03-01,1283,730944,35,43,19,77,93,28,55,86,88,88,39,87,51,29,62,70,53,13,76,54,54,38,65,58
Charleston,2016-04-01,1294,732281,32,46,35,83,94,26,57,79,91,91,21,93,49,35,59,67,58,8,77,52,54,38,59,57
Charleston,2016-05-01,1452,733617,37,37,20,84,95,26,57,86,89,88,29,87,44,26,69,69,58,8,94,57,59,44,66,64
Charleston,2016-06-01,1693,734954,36,40,30,82,93,30,65,83,89,91,38,91,54,28,70,75,58,19,99,57,44,49,67,63
Charleston,2016-07-01,1419,736291,38,43,36,89,98,27,54,86,96,96,28,89,58,24,69,80,65,11,85,52,50,49,61,65
Charleston,2016-08-01,1552,737627,38,32,22,81,86,27,61,82,87,85,33,87,54,27,67,64,54,14,90,57,79,43,66,71
Charleston,2016-09-01,1350,738964,41,34,10,76,80,21,45,78,84,80,24,83,52,24,65,61,44,3,78,53,65,46,83,49
Charleston,2016-10-01,1229,740300,35,29,15,73,84,20,42,76,84,84,25,81,48,16,63,87,54,14,74,46,60,47,74,57
Charleston,2016-11-01,1121,741637,37,35,21,75,79,20,48,72,76,80,23,79,44,21,66,56,34,5,71,47,52,71,86,43
Charleston,2016-12-01,1100,742973,32,31,21,79,85,19,37,75,84,81,19,80,44,24,58,50,37,7,86,44,47,75,89,44
Charleston,2017-01-01,1186,,34,41,11,80,93,23,59,78,80,79,11,82,55,22,72,63,41,9,82,54,60,42,70,53
Charleston,2017-02-01,1289,,35,39,16,81,90,26,59,86,87,89,30,84,50,23,62,66,45,5,86,49,61,41,71,52
Charleston,2017-03-01,1658,,38,42,18,81,87,24,68,81,87,88,17,90,54,29,77,72,45,7,91,53,60,47,68,59
Charleston,2017-04-01,1409,,39,36,20,80,93,26,65,83,100,92,25,95,50,21,78,75,49,7,79,51,53,44,75,60
Charleston,2017-05-01,1575,,36,32,29,80,95,26,61,87,95,98,43,94,53,33,80,73,43,5,93,56,60,48,72,59
Charleston,2017-06-01,1877,,37,37,14,85,97,25,66,86,91,95,29,100,56,26,83,77,50,7,99,59,44,53,70,61
Charleston,2017-07-01,1673,,41,41,24,86,97,29,67,93,100,100,33,99,60,20,74,82,52,7,85,54,48,56,65,62
Charleston,2017-08-01,1813,,43,36,12,84,90,25,65,85,94,85,23,95,60,21,71,67,54,11,96,57,79,51,75,58
Charleston,2017-09-01,1421,,36,26,10,77,85,21,51,78,84,84,38,84,47,23,68,82,45,7,87,47,61,48,81,49
Charleston,2017-10-01,1384,,36,33,16,75,83,23,51,77,79,79,16,86,48,27,63,63,39,11,80,51,63,48,80,40
Charleston,2017-11-01,1427,,37,31,22,79,81,18,53,72,80,82,24,84,42,17,68,52,33,2,71,48,53,71,90,47
Charleston,2017-12-01,,,39,31,20,82,82,20,51,73,82,83,21,88,52,19,67,50,26,4,71,43,48,77,97,41
Chattanooga,2007-01-01,,508031,31,64,13,68,71,67,15,65,56,68,0,56,30,29,21,81,0,0,5,45,48,31,42,39
Chattanooga,2007-02-01,,508389,37,46,29,78,74,58,22,76,67,69,0,70,14,38,32,66,25,27,8,48,56,22,35,35
Chattanooga,2007-03-01,,508747,29,70,26,78,69,73,20,68,73,64,0,69,32,29,37,75,17,25,2,48,58,23,29,42
Chattanooga,2007-04-01,,509105,41,63,0,81,75,63,25,73,57,69,0,51,19,29,27,72,0,25,5,50,58,27,32,36
Chattanooga,2007-05-01,,509463,20,72,13,76,69,53,18,82,71,78,0,84,26,11,31,75,29,0,0,47,59,35,26,45
Chattanooga,2007-06-01,,509821,22,44,14,84,77,66,25,75,76,75,78,66,30,47,34,96,30,0,5,50,48,36,41,17
Chattanooga,2007-07-01,,510179,40,63,26,84,77,53,16,86,75,78,0,80,40,22,25,80,5,0,0,45,56,30,42,34
Chattanooga,2007-08-01,,510537,35,76,0,64,73,52,16,83,79,65,0,69,21,56,23,80,10,0,0,64,76,29,38,29
Chattanooga,2007-09-01,,510895,38,49,25,70,68,45,13,71,66,64,35,73,22,79,29,71,5,0,2,47,70,30,31,12
Chattanooga,2007-10-01,,511253,25,46,12,65,64,42,23,80,56,68,0,57,9,55,26,61,15,22,7,48,65,29,47,22
Chattanooga,2007-11-01,,511611,36,68,23,73,63,31,16,66,65,61,0,73,9,44,24,60,5,0,4,41,71,53,47,16
Chattanooga,2007-12-01,,511969,19,50,13,71,64,35,8,73,68,63,0,60,23,16,27,59,17,24,2,43,56,56,38,21
Chattanooga,2008-01-01,,512327,24,75,43,86,71,45,20,69,57,62,62,63,19,46,32,61,33,20,2,56,67,33,48,42
Chattanooga,2008-02-01,,512526,35,50,45,74,69,46,32,68,69,70,32,70,15,39,32,77,19,0,2,45,62,26,37,43
Chattanooga,2008-03-01,741,512726,35,87,22,77,74,50,23,77,77,77,61,63,17,33,35,65,9,0,2,50,72,28,39,37
Chattanooga,2008-04-01,624,512925,35,47,20,78,71,49,17,69,75,68,29,72,26,47,28,69,22,0,9,62,73,27,38,34
Chattanooga,2008-05-01,738,513124,41,49,21,85,63,50,33,89,70,82,0,83,14,27,24,75,14,0,8,63,57,33,31,43
Chattanooga,2008-06-01,688,513323,47,55,34,76,72,53,15,89,87,88,32,83,18,39,31,77,10,21,15,76,47,34,36,41
Chattanooga,2008-07-01,775,513523,35,57,10,78,72,55,32,84,71,84,0,76,31,49,30,73,14,19,6,67,54,39,45,40
Chattanooga,2008-08-01,730,513722,43,52,10,76,65,37,18,68,58,70,0,61,32,21,22,60,13,19,8,69,75,33,50,36
Chattanooga,2008-09-01,656,513921,38,50,9,69,66,40,25,71,55,53,0,66,43,45,25,59,12,36,11,69,70,38,65,32
Chattanooga,2008-10-01,637,514120,39,53,17,68,69,37,15,54,50,51,0,47,23,15,32,59,15,16,10,64,67,31,57,36
Chattanooga,2008-11-01,449,514320,40,53,0,78,63,26,12,62,66,66,0,65,13,34,32,50,13,36,5,70,58,63,47,28
Chattanooga,2008-12-01,487,514519,37,67,56,65,65,35,13,67,75,65,27,64,24,57,20,58,8,35,16,64,52,67,42,32
Chattanooga,2009-01-01,320,514718,38,100,69,75,81,36,24,76,69,69,50,64,19,56,43,55,11,65,7,73,61,35,37,46
Chattanooga,2009-02-01,353,515016,41,94,27,89,71,43,17,74,62,65,0,55,27,70,40,64,40,85,10,68,64,32,26,31
Chattanooga,2009-03-01,437,515313,34,84,49,83,77,44,29,76,63,68,24,81,28,50,40,73,18,31,8,61,68,36,27,20
Chattanooga,2009-04-01,410,515611,44,78,78,87,76,39,17,69,71,66,50,64,22,45,38,64,15,16,11,69,61,31,29,25
Chattanooga,2009-05-01,461,515908,30,43,18,76,74,36,28,74,76,86,26,74,25,74,43,73,35,51,7,70,66,35,37,28
Chattanooga,2009-06-01,533,516206,48,54,19,71,77,44,24,85,89,79,27,81,22,56,43,90,24,52,21,67,47,31,33,38
Chattanooga,2009-07-01,596,516503,49,66,35,75,77,48,31,94,83,71,0,86,33,26,38,88,34,66,7,70,58,37,37,38
Chattanooga,2009-08-01,525,516801,40,49,17,79,67,45,25,82,73,85,24,76,23,33,27,61,18,95,8,65,80,33,38,37
Chattanooga,2009-09-01,514,517098,41,55,24,78,74,39,16,74,72,60,23,70,22,52,37,52,11,30,17,69,78,38,41,20
Chattanooga,2009-10-01,551,517396,37,55,16,87,78,37,12,70,58,53,46,59,13,58,41,65,24,45,12,59,64,39,46,25
Chattanooga,2009-11-01,548,517693,45,64,25,80,67,33,25,64,55,56,23,65,11,14,30,52,14,15,15,57,69,71,43,22
Chattanooga,2009-12-01,532,517991,47,56,16,78,71,33,15,61,59,68,0,58,13,42,38,54,14,46,8,52,58,76,58,25
Chattanooga,2010-01-01,282,518288,33,44,30,83,72,34,20,71,71,64,0,60,16,45,39,61,19,28,21,68,70,40,52,31
Chattanooga,2010-02-01,396,518740,43,48,8,75,78,38,21,69,65,62,22,70,16,38,43,66,27,44,15,67,68,34,40,44
Chattanooga,2010-03-01,588,519192,42,62,14,77,79,38,18,85,72,68,41,74,20,43,40,72,22,41,15,60,73,42,35,22
Chattanooga,2010-04-01,585,519644,41,59,40,92,72,43,26,84,72,72,0,66,19,79,39,65,14,60,12,76,65,38,32,23
Chattanooga,2010-05-01,693,520096,31,63,0,87,73,34,20,87,68,72,74,65,17,68,37,82,34,97,20,69,69,37,35,23
Chattanooga,2010-06-01,708,520548,41,66,36,80,75,42,22,84,83,90,0,85,25,35,40,86,28,67,17,76,47,40,51,35
Chattanooga,2010-07-01,528,521000,53,52,9,77,84,42,20,88,80,77,74,72,24,60,39,88,30,16,36,70,59,36,41,44
Chattanooga,2010-08-01,497,521451,60,70,25,73,73,43,23,70,71,72,24,76,37,74,38,62,32,79,27,77,84,39,42,30
Chattanooga,2010-09-01,486,521903,50,55,24,69,66,39,15,74,70,62,0,69,23,49,40,51,29,61,25,64,72,41,60,30
Chattanooga,2010-10-01,459,522355,46,41,25,65,69,32,24,68,59,55,24,59,21,94,34,46,14,15,26,58,69,44,62,38
Chattanooga,2010-11-01,388,522807,43,54,41,70,68,20,15,68,63,65,47,63,26,67,36,43,21,61,32,61,69,67,69,16
Chattanooga,2010-12-01,443,523259,40,43,25,76,60,27,16,75,76,64,0,71,13,69,40,46,29,16,21,52,63,74,63,22
Chattanooga,2011-01-01,336,523711,38,45,30,80,75,34,25,79,69,63,43,64,24,67,38,50,21,28,18,67,64,47,45,31
Chattanooga,2011-02-01,419,524124,53,42,24,90,79,33,21,83,64,60,45,70,17,92,38,56,19,60,27,65,62,44,45,38
Chattanooga,2011-03-01,542,524537,33,43,25,71,73,31,24,79,72,68,31,63,30,78,37,66,25,27,35,66,58,37,55,33
Chattanooga,2011-04-01,517,524950,31,36,16,70,72,32,28,74,67,64,22,66,26,83,41,57,15,15,27,63,58,38,48,34
Chattanooga,2011-05-01,548,525363,54,38,11,77,74,31,27,76,72,74,33,63,29,82,45,68,34,7,31,73,58,42,43,44
Chattanooga,2011-06-01,651,525776,44,47,4,82,73,31,33,83,72,71,11,72,25,73,52,78,23,49,32,72,40,43,42,38
Chattanooga,2011-07-01,582,526189,46,40,23,83,77,34,32,80,70,71,43,76,35,75,44,75,33,14,45,72,54,48,48,48
Chattanooga,2011-08-01,634,526602,44,48,20,77,70,33,32,78,72,70,10,73,34,85,42,52,16,0,46,73,76,44,51,41
Chattanooga,2011-09-01,593,527015,46,39,27,75,66,27,28,77,63,66,29,67,23,98,38,45,21,31,40,68,70,44,67,28
Chattanooga,2011-10-01,517,527428,43,42,33,70,70,29,30,70,66,63,19,65,17,79,41,52,35,18,36,62,66,50,97,32
Chattanooga,2011-11-01,491,527841,42,57,32,75,67,25,38,66,59,59,0,52,18,69,24,41,21,12,34,56,58,85,62,32
Chattanooga,2011-12-01,587,528254,46,31,22,72,63,24,26,68,67,70,37,58,24,74,35,39,21,6,39,53,50,80,68,35
Chattanooga,2012-01-01,405,528667,50,54,21,78,73,32,30,72,68,66,25,66,32,88,34,50,22,27,47,69,58,52,51,41
Chattanooga,2012-02-01,442,529044,45,55,53,81,69,33,35,78,68,69,25,71,24,96,37,49,31,16,37,56,61,47,52,35
Chattanooga,2012-03-01,520,529420,48,53,18,79,69,26,32,82,72,73,25,68,22,77,36,58,38,16,43,59,57,44,56,37
Chattanooga,2012-04-01,651,529797,45,38,12,81,68,28,21,77,72,72,8,71,19,81,36,51,34,17,43,63,54,43,48,29
Chattanooga,2012-05-01,782,530174,49,39,43,77,71,30,36,81,82,79,15,82,25,87,37,59,35,30,45,69,62,43,42,37
Chattanooga,2012-06-01,772,530550,42,60,30,78,79,30,42,75,75,69,26,75,22,71,43,65,41,17,47,66,37,47,59,65
Chattanooga,2012-07-01,770,530927,46,42,41,75,80,28,32,83,75,73,25,78,25,74,35,60,33,11,44,71,50,51,47,42
Chattanooga,2012-08-01,866,531304,45,46,33,74,72,25,30,76,68,69,8,71,25,62,33,54,41,21,34,64,74,45,53,47
Chattanooga,2012-09-01,629,531680,37,42,26,70,66,22,26,72,70,67,24,63,22,79,29,47,21,32,48,58,62,49,92,44
Chattanooga,2012-10-01,725,532057,50,42,34,68,70,21,25,67,66,61,15,62,21,73,29,37,24,34,48,57,63,48,81,38
Chattanooga,2012-11-01,707,532434,39,33,18,69,65,16,32,66,60,60,37,55,21,67,25,35,18,24,55,56,56,81,71,28
Chattanooga,2012-12-01,644,532810,49,26,19,77,65,17,24,64,56,60,15,61,21,80,35,34,29,15,42,47,53,78,68,31
Chattanooga,2013-01-01,624,533187,43,45,20,85,78,23,29,66,67,62,14,62,23,82,34,46,21,23,58,65,65,44,58,40
Chattanooga,2013-02-01,553,533538,48,44,18,72,69,26,26,75,67,68,43,71,24,92,29,46,33,14,55,59,57,43,45,46
Chattanooga,2013-03-01,681,533889,35,38,10,76,73,25,32,70,71,70,14,74,20,92,28,55,34,18,60,58,56,45,46,46
Chattanooga,2013-04-01,882,534240,37,46,29,77,74,26,36,68,65,61,7,74,27,74,31,47,32,41,69,58,56,43,44,42
Chattanooga,2013-05-01,851,534590,45,48,10,82,77,25,43,71,71,66,15,73,23,86,34,52,48,10,60,61,58,47,49,50
Chattanooga,2013-06-01,764,534941,40,39,24,84,76,30,45,74,74,68,23,74,24,94,35,67,40,10,66,64,37,56,44,54
Chattanooga,2013-07-01,842,535292,39,45,19,78,76,24,48,74,73,72,33,66,28,78,37,52,39,17,61,60,46,47,40,41
Chattanooga,2013-08-01,817,535643,43,32,15,82,73,27,53,75,68,66,77,73,23,100,32,51,38,5,75,70,72,51,55,47
Chattanooga,2013-09-01,743,535994,41,33,17,74,69,23,39,72,73,69,7,69,26,75,34,43,28,13,71,62,66,47,77,33
Chattanooga,2013-10-01,779,536345,36,38,5,73,73,20,33,71,63,68,48,64,26,62,33,41,30,23,65,60,59,47,77,40
Chattanooga,2013-11-01,680,536695,39,36,7,74,66,15,29,62,66,67,14,61,19,60,32,35,34,9,57,56,56,83,63,27
Chattanooga,2013-12-01,730,537046,46,28,14,74,69,15,34,69,69,71,13,67,18,71,28,30,22,26,51,47,47,85,63,30
Chattanooga,2014-01-01,599,537397,44,42,17,85,80,24,41,74,70,63,6,70,25,62,34,41,24,31,65,62,65,45,49,42
Chattanooga,2014-02-01,599,537708,46,35,25,80,72,22,35,80,77,77,0,75,30,76,37,44,32,51,66,55,54,49,44,46
Chattanooga,2014-03-01,782,538018,40,27,4,84,77,24,47,76,74,75,31,73,23,67,39,52,30,32,69,55,53,45,45,41
Chattanooga,2014-04-01,780,538329,39,30,7,88,74,21,40,72,73,71,19,71,22,63,37,47,28,41,66,60,52,44,43,36
Chattanooga,2014-05-01,870,538639,38,31,17,83,79,23,47,71,67,75,0,76,19,58,35,57,43,31,73,62,57,49,56,49
Chattanooga,2014-06-01,902,538950,45,37,5,88,80,24,60,83,81,79,23,80,28,73,37,65,60,25,66,61,38,49,47,69
Chattanooga,2014-07-01,962,539261,39,38,10,88,83,22,61,79,83,77,37,83,21,82,43,63,56,29,80,65,52,49,57,75
Chattanooga,2014-08-01,756,539571,39,33,18,81,73,20,49,76,74,74,14,68,27,64,30,48,59,38,79,59,71,51,56,50
Chattanooga,2014-09-01,865,539882,34,34,25,78,70,16,42,69,68,69,14,74,22,51,35,42,28,23,86,62,67,47,89,49
Chattanooga,2014-10-01,942,540192,36,32,7,77,74,17,45,69,69,69,27,69,23,50,33,47,25,9,68,59,56,53,79,39
Chattanooga,2014-11-01,739,540503,41,28,15,80,72,14,43,70,74,70,21,67,22,43,28,36,25,0,58,53,51,91,68,37
Chattanooga,2014-12-01,831,540813,44,25,20,73,70,17,36,68,64,65,7,63,21,54,30,38,24,0,54,47,46,83,60,33
Chattanooga,2015-01-01,666,541124,42,41,30,90,81,19,58,74,71,73,28,64,20,56,41,48,29,19,77,60,58,50,56,43
Chattanooga,2015-02-01,657,541407,41,41,18,76,75,20,51,74,73,71,45,76,30,73,39,45,50,0,67,53,64,49,52,45
Chattanooga,2015-03-01,902,541690,40,39,5,88,79,18,63,77,79,79,7,76,23,68,45,53,36,14,65,56,59,43,55,56
Chattanooga,2015-04-01,807,541974,42,42,13,90,84,21,63,74,79,76,51,73,22,66,36,43,31,5,72,67,57,48,58,51
Chattanooga,2015-05-01,614,542257,41,32,16,91,83,17,63,82,89,84,23,85,26,65,40,53,42,0,77,66,57,55,60,60
Chattanooga,2015-06-01,1022,542540,41,41,16,94,83,20,60,86,90,86,8,79,25,53,49,65,48,0,78,59,40,53,57,68
Chattanooga,2015-07-01,920,542823,39,35,10,90,83,23,72,87,83,82,42,80,27,53,44,63,48,14,76,63,47,59,55,66
Chattanooga,2015-08-01,856,543106,43,35,19,86,80,18,73,82,80,73,13,79,27,49,37,48,33,13,67,63,71,55,54,50
Chattanooga,2015-09-01,922,543389,41,30,7,78,74,15,52,72,76,73,25,73,21,38,38,47,40,12,60,56,67,51,81,51
Chattanooga,2015-10-01,902,543673,41,27,15,78,77,16,57,69,71,72,12,67,30,48,41,44,29,20,59,53,58,53,74,32
Chattanooga,2015-11-01,713,543956,40,25,19,75,75,14,46,68,73,71,6,66,22,47,42,38,25,12,59,50,51,84,82,33
Chattanooga,2015-12-01,903,544239,39,32,17,79,75,14,46,71,70,70,42,68,25,39,42,37,26,20,49,48,45,80,66,31
Chattanooga,2016-01-01,669,544522,40,35,13,87,82,19,57,76,80,77,9,76,23,41,46,44,23,6,73,60,66,49,55,34
Chattanooga,2016-02-01,672,544805,38,30,28,86,85,16,50,88,80,77,28,76,29,33,41,54,32,3,57,54,64,49,51,40
Chattanooga,2016-03-01,854,545088,40,32,11,87,88,17,60,91,86,80,13,79,27,38,50,58,32,3,60,55,53,50,53,44
Chattanooga,2016-04-01,920,545371,33,29,15,86,85,18,57,84,80,77,18,77,28,29,37,54,32,3,66,51,53,46,56,32
Chattanooga,2016-05-01,903,545655,39,25,13,88,86,20,64,84,87,86,32,79,25,33,43,61,26,6,62,58,52,58,53,38
Chattanooga,2016-06-01,1149,545938,45,37,17,96,90,17,63,85,83,82,10,83,38,33,48,75,40,3,69,61,34,62,53,41
Chattanooga,2016-07-01,997,546221,40,33,18,89,89,19,71,88,90,88,28,81,27,26,45,72,32,6,69,59,47,65,54,46
Chattanooga,2016-08-01,1052,546504,37,38,8,85,82,18,61,82,79,77,18,82,30,36,47,53,18,3,73,62,73,56,59,38
Chattanooga,2016-09-01,1015,546787,39,27,14,79,79,15,52,82,85,84,17,84,30,27,40,50,16,0,70,52,64,53,79,29
Chattanooga,2016-10-01,962,547070,38,26,15,79,80,18,44,76,75,80,30,74,31,29,43,50,23,6,63,50,56,53,80,28
Chattanooga,2016-11-01,847,547354,38,28,13,77,75,10,42,70,72,69,33,70,24,23,44,42,16,11,53,46,58,93,75,24
Chattanooga,2016-12-01,928,547637,40,21,14,82,76,12,49,79,79,77,16,73,24,34,46,44,15,13,56,45,43,87,78,22
Chattanooga,2017-01-01,635,,33,30,16,86,83,17,62,80,77,77,38,74,26,28,48,50,24,2,73,57,56,55,62,30
Chattanooga,2017-02-01,715,,35,35,13,79,86,17,62,82,82,83,25,77,29,26,42,54,26,8,71,53,56,56,60,35
Chattanooga,2017-03-01,947,,36,29,17,86,86,18,66,85,86,85,29,78,37,26,50,60,22,2,69,52,55,56,62,43
Chattanooga,2017-04-01,853,,39,28,14,88,86,18,65,87,84,81,24,86,28,29,53,50,23,3,69,54,52,58,63,34
Chattanooga,2017-05-01,927,,39,36,9,87,87,19,73,88,92,88,32,92,28,25,56,66,22,5,74,59,55,62,60,34
Chattanooga,2017-06-01,1027,,39,33,18,93,95,18,67,89,94,91,51,97,37,26,58,68,25,8,79,62,35,63,63,52
Chattanooga,2017-07-01,859,,42,37,15,100,96,20,70,93,99,93,38,92,38,32,48,70,32,3,76,57,47,64,64,49
Chattanooga,2017-08-01,1027,,40,27,15,85,83,16,65,83,87,88,15,91,35,17,44,49,22,5,78,57,66,66,63,30
Chattanooga,2017-09-01,864,,38,24,15,82,82,15,55,80,80,81,23,82,26,29,42,48,25,5,79,52,63,60,74,35
Chattanooga,2017-10-01,942,,42,27,13,85,87,17,53,80,80,83,22,80,24,25,45,51,18,5,75,51,55,62,80,35
Chattanooga,2017-11-01,815,,38,25,10,89,80,14,52,73,74,76,19,79,27,22,43,38,15,2,75,53,51,100,92,20
Chattanooga,2017-12-01,,,41,22,13,87,82,15,44,74,76,76,26,72,26,26,51,40,16,12,59,46,43,91,95,29
Knoxville,2007-01-01,,669962,55,58,11,70,64,53,24,68,69,65,62,65,19,24,20,67,10,0,8,38,60,27,48,19
Knoxville,2007-02-01,,670836,47,55,23,71,63,51,17,72,60,56,0,63,9,5,34,64,25,0,0,48,64,19,38,22
Knoxville,2007-03-01,,671709,52,64,22,75,68,56,23,78,71,62,0,67,32,14,28,77,9,0,0,47,58,21,25,42
Knoxville,2007-04-01,,672583,65,65,32,67,66,51,18,67,62,55,0,80,25,23,26,78,9,0,0,50,70,18,43,31
Knoxville,2007-05-01,,673456,61,51,31,72,78,64,22,81,61,62,0,77,14,18,32,77,14,0,2,49,59,23,33,28
Knoxville,2007-06-01,,674330,64,70,34,73,68,61,14,77,77,87,0,78,29,20,34,100,30,22,6,53,50,33,46,19
Knoxville,2007-07-01,,675203,70,92,53,86,69,61,18,71,68,67,30,78,23,14,33,92,14,0,2,49,54,38,47,41
Knoxville,2007-08-01,,676077,48,83,19,67,71,58,15,69,63,60,27,69,15,28,22,93,16,18,2,47,77,29,44,37
Knoxville,2007-09-01,,676950,52,50,38,65,62,53,19,72,56,58,0,68,21,29,27,56,21,36,0,42,71,29,34,32
Knoxville,2007-10-01,,677824,61,52,0,67,64,46,15,67,53,58,25,64,10,30,23,63,8,16,0,47,68,28,42,44
Knoxville,2007-11-01,,678697,60,37,17,72,64,39,14,60,54,61,0,54,17,22,21,57,0,16,3,37,65,50,48,19
Knoxville,2007-12-01,,679571,54,39,10,60,58,38,12,67,65,74,0,60,13,4,36,60,17,0,2,44,51,57,47,14
Knoxville,2008-01-01,,680444,66,77,42,80,68,49,13,72,73,63,47,58,20,36,30,69,7,0,5,50,65,29,43,32
Knoxville,2008-02-01,,680459,64,65,0,71,67,59,15,69,57,49,0,72,23,33,26,64,18,16,2,54,68,30,38,53
Knoxville,2008-03-01,1097,680475,71,86,17,71,68,56,22,76,66,64,0,65,21,32,21,73,11,0,8,52,65,27,38,40
Knoxville,2008-04-01,1186,680490,74,77,16,75,71,45,18,80,75,84,0,84,32,30,23,69,14,15,3,57,72,28,29,34
Knoxville,2008-05-01,1276,680506,88,47,26,76,67,51,13,81,74,80,0,96,15,22,30,68,19,0,5,56,58,30,36,33
Knoxville,2008-06-01,1233,680521,70,57,19,76,70,62,19,81,72,75,0,84,24,16,26,84,25,0,12,67,45,33,31,38
Knoxville,2008-07-01,1188,680537,73,59,0,74,68,56,25,82,70,66,0,83,21,41,30,89,11,16,8,63,54,38,59,38
Knoxville,2008-08-01,1137,680552,59,50,17,75,73,48,17,75,65,71,25,68,14,33,35,63,22,16,11,61,78,35,48,31
Knoxville,2008-09-01,1007,680567,60,50,8,72,63,46,19,63,57,61,0,65,14,23,34,67,10,15,3,58,76,30,43,30
Knoxville,2008-10-01,964,680583,67,48,0,70,71,37,13,63,58,62,40,61,25,9,26,61,15,0,7,57,71,26,56,40
Knoxville,2008-11-01,665,680598,55,38,8,61,62,36,7,63,58,62,0,58,17,27,26,59,20,29,7,63,61,52,49,23
Knoxville,2008-12-01,720,680614,95,82,54,73,61,34,14,66,59,57,22,64,9,30,30,42,17,44,10,49,60,61,45,34
Knoxville,2009-01-01,613,680629,85,74,92,80,74,41,19,66,60,57,0,60,25,36,32,64,15,93,11,76,73,38,43,39
Knoxville,2009-02-01,663,681038,77,76,37,74,66,32,16,73,74,69,21,63,19,35,37,54,19,84,7,65,76,31,41,38
Knoxville,2009-03-01,830,681447,64,80,41,70,71,37,22,77,71,70,20,69,27,39,38,70,36,52,14,61,67,34,42,35
Knoxville,2009-04-01,887,681856,64,66,71,74,71,38,16,75,70,66,0,72,24,27,34,64,21,53,9,55,70,27,35,31
Knoxville,2009-05-01,959,682264,60,63,15,83,71,46,15,77,83,77,22,70,12,29,33,66,26,43,10,62,74,32,36,35
Knoxville,2009-06-01,1113,682673,90,49,8,75,76,43,20,79,77,77,0,74,25,29,45,85,7,16,13,64,46,35,37,22
Knoxville,2009-07-01,1137,683082,83,66,16,82,66,43,26,80,73,66,23,68,23,32,39,81,25,46,17,72,55,33,41,36
Knoxville,2009-08-01,1061,683491,79,52,31,76,64,39,31,85,74,71,0,64,27,53,44,59,30,42,11,65,82,34,45,22
Knoxville,2009-09-01,1041,683900,78,53,21,76,68,33,20,68,66,64,20,62,22,21,37,60,19,54,9,63,86,36,42,29
Knoxville,2009-10-01,1098,684309,70,55,28,77,73,33,22,82,59,65,20,67,18,18,27,62,3,0,8,55,80,33,41,22
Knoxville,2009-11-01,1048,684717,75,51,0,68,63,31,21,75,75,77,20,66,20,61,40,38,28,53,11,55,72,66,52,22
Knoxville,2009-12-01,961,685126,83,43,22,71,67,31,24,69,71,73,0,65,16,32,39,59,16,14,11,51,62,61,37,29
Knoxville,2010-01-01,703,685535,75,53,36,75,69,35,19,78,66,58,20,70,22,43,46,59,34,27,20,71,81,35,54,24
Knoxville,2010-02-01,688,686141,74,67,22,75,69,41,16,81,77,67,0,67,15,25,35,77,19,0,11,61,88,34,30,31
Knoxville,2010-03-01,1044,686746,62,70,14,79,77,39,23,83,81,79,0,75,24,47,34,71,24,88,27,63,79,36,38,20
Knoxville,2010-04-01,1129,687352,73,44,7,77,75,37,23,76,65,71,0,69,22,38,44,61,19,56,17,62,67,29,35,18
Knoxville,2010-05-01,1126,687958,81,48,8,79,78,40,19,80,75,75,22,81,26,31,45,79,21,30,22,62,70,33,52,35
Knoxville,2010-06-01,1219,688563,93,66,17,74,80,40,16,88,81,76,0,72,26,34,49,77,19,99,15,71,52,31,54,28
Knoxville,2010-07-01,900,689169,86,74,0,80,69,42,22,80,67,73,0,73,16,40,43,99,58,46,31,59,52,37,41,45
Knoxville,2010-08-01,952,689775,78,85,45,83,68,35,17,79,65,67,64,78,24,46,37,70,20,42,31,64,100,36,32,37
Knoxville,2010-09-01,676,690380,73,39,45,70,66,27,17,76,61,59,64,68,23,42,34,57,16,42,21,61,85,34,49,29
Knoxville,2010-10-01,781,690986,81,53,22,68,69,27,25,76,74,71,0,73,16,38,29,63,16,0,27,64,74,39,54,39
Knoxville,2010-11-01,809,691592,75,42,22,71,65,23,27,65,71,55,0,66,24,22,31,48,12,40,24,54,79,62,60,33
Knoxville,2010-12-01,746,692197,87,32,31,68,64,27,19,71,65,58,22,75,20,47,44,47,17,73,26,45,69,65,57,21
Knoxville,2011-01-01,646,692803,74,48,20,71,72,33,24,71,64,60,21,64,19,69,40,55,34,46,32,64,83,43,41,34
Knoxville,2011-02-01,625,693328,85,34,16,77,75,36,22,83,74,71,30,69,23,55,51,60,30,25,26,62,67,43,49,37
Knoxville,2011-03-01,781,693852,71,48,7,74,73,31,26,73,67,65,35,69,24,63,40,60,26,14,33,66,63,38,55,48
Knoxville,2011-04-01,749,694377,69,42,13,74,69,31,26,74,64,71,22,76,21,64,37,55,34,19,20,64,64,35,50,27
Knoxville,2011-05-01,978,694901,68,47,18,79,78,34,22,96,92,91,35,82,21,57,44,70,43,0,34,69,63,40,52,33
Knoxville,2011-06-01,891,695426,76,43,8,77,75,37,33,84,77,76,8,82,24,64,54,80,49,25,40,68,48,44,55,53
Knoxville,2011-07-01,839,695950,71,52,15,85,73,40,33,78,75,71,29,78,24,60,43,82,52,29,27,67,54,43,57,47
Knoxville,2011-08-01,1014,696475,82,53,15,80,75,31,28,81,74,72,6,70,31,63,47,57,41,29,37,67,83,42,54,38
Knoxville,2011-09-01,876,696999,73,45,30,77,71,28,23,75,70,67,45,66,24,69,42,53,45,30,35,63,72,42,57,33
Knoxville,2011-10-01,855,697524,77,44,26,74,70,25,24,68,68,65,6,69,18,67,32,47,38,28,39,56,67,48,91,33
Knoxville,2011-11-01,757,698048,81,43,13,70,66,23,23,69,68,65,30,58,18,55,29,41,34,16,25,52,63,84,62,20
Knoxville,2011-12-01,811,698573,80,42,19,72,69,21,31,69,67,64,12,62,16,64,33,39,26,20,32,46,56,72,64,28
Knoxville,2012-01-01,657,699097,72,44,33,89,78,31,33,73,65,66,11,65,14,68,45,50,40,29,41,59,69,47,63,55
Knoxville,2012-02-01,713,711111,71,48,24,75,72,29,33,77,67,70,32,68,18,71,42,57,27,11,44,52,62,41,53,51
Knoxville,2012-03-01,887,723126,73,42,14,71,74,31,33,68,68,66,34,70,24,46,37,54,28,18,45,52,60,42,63,39
Knoxville,2012-04-01,951,735140,84,45,18,75,74,26,37,74,69,72,23,71,18,72,33,47,42,4,43,57,57,40,49,39
Knoxville,2012-05-01,1030,747154,70,47,26,77,71,29,39,76,83,83,11,78,22,45,39,63,39,34,43,57,64,44,53,53
Knoxville,2012-06-01,1012,759168,76,50,22,84,78,31,29,83,81,79,41,78,26,42,46,69,58,35,52,56,45,51,57,57
Knoxville,2012-07-01,609,771183,74,52,30,78,74,30,35,78,76,76,5,73,26,57,38,64,62,11,49,58,51,43,59,53
Knoxville,2012-08-01,771,783197,70,40,24,80,74,29,30,69,69,67,28,67,19,62,37,54,49,22,53,59,83,43,58,45
Knoxville,2012-09-01,580,795211,65,42,24,75,70,24,29,67,67,68,17,66,21,58,30,45,41,0,45,59,72,43,89,45
Knoxville,2012-10-01,665,807225,68,41,27,73,69,24,24,64,60,61,15,64,26,57,35,44,44,10,51,55,67,46,76,39
Knoxville,2012-11-01,857,819240,70,36,24,74,68,20,23,63,64,60,16,63,15,60,27,35,38,18,40,49,63,81,74,39
Knoxville,2012-12-01,882,831254,69,33,14,77,67,19,26,64,58,63,11,62,15,49,25,34,33,7,46,42,63,78,82,31
Knoxville,2013-01-01,748,843268,67,46,21,88,78,28,29,68,64,62,24,65,18,51,35,44,32,26,54,56,71,44,55,43
Knoxville,2013-02-01,758,843643,71,41,24,84,77,29,36,75,66,63,20,67,21,58,36,48,38,13,65,56,64,43,56,48
Knoxville,2013-03-01,851,844018,69,44,11,81,75,28,39,71,64,68,31,65,22,55,35,55,44,18,54,51,65,43,50,52
Knoxville,2013-04-01,1031,844392,63,39,22,80,80,26,37,67,65,66,14,64,20,47,30,52,47,16,55,60,62,40,49,47
Knoxville,2013-05-01,1150,844767,70,48,16,90,80,31,40,78,74,73,40,75,19,72,39,55,49,27,70,57,60,45,52,50
Knoxville,2013-06-01,1273,845142,76,41,17,90,86,30,42,74,71,69,26,75,20,76,40,66,62,24,67,59,42,47,56,60
Knoxville,2013-07-01,1292,845517,90,35,13,87,78,28,37,87,77,79,23,77,38,56,28,58,41,19,53,59,46,46,49,45
Knoxville,2013-08-01,1216,845891,71,42,10,83,74,26,48,78,75,73,13,74,31,56,34,49,53,22,64,64,77,50,57,49
Knoxville,2013-09-01,1110,846266,71,35,6,81,75,24,46,70,63,64,28,70,21,57,36,46,51,6,66,61,70,48,89,45
Knoxville,2013-10-01,1080,846641,81,25,7,79,72,21,26,78,68,65,21,63,29,53,26,42,34,24,56,56,61,47,64,29
Knoxville,2013-11-01,982,847016,61,24,7,77,71,22,38,63,65,67,5,65,12,51,30,34,41,9,46,52,64,82,78,45
Knoxville,2013-12-01,916,847390,74,26,8,84,67,20,32,71,70,69,30,67,22,53,28,38,45,12,55,45,51,80,71,41
Knoxville,2014-01-01,719,847765,64,44,6,90,82,27,44,73,71,70,25,67,27,65,37,45,47,47,65,59,83,45,65,52
Knoxville,2014-02-01,704,848131,83,39,9,90,79,23,45,84,75,73,21,72,24,64,40,46,28,28,63,50,66,44,54,48
Knoxville,2014-03-01,1098,848497,69,33,13,92,78,22,53,79,75,75,20,71,22,50,41,52,40,32,60,57,59,44,52,49
Knoxville,2014-04-01,1053,848864,67,31,11,87,79,25,49,72,70,71,36,72,25,52,38,51,50,29,64,57,60,40,51,44
Knoxville,2014-05-01,1268,849230,67,38,8,91,85,23,42,78,75,76,38,74,23,56,37,57,47,16,61,57,60,46,57,65
Knoxville,2014-06-01,1221,849596,63,33,4,95,84,25,52,81,74,75,11,77,19,64,40,67,68,26,63,65,40,47,60,72
Knoxville,2014-07-01,1405,849962,62,37,13,98,88,26,65,80,81,82,37,81,20,60,45,62,73,32,76,58,53,51,55,71
Knoxville,2014-08-01,1198,850328,69,34,15,86,76,22,53,76,76,77,26,76,24,51,31,49,71,3,68,57,75,49,67,66
Knoxville,2014-09-01,1100,850694,68,29,21,84,77,19,40,69,72,73,41,71,17,43,31,43,55,17,69,53,68,46,100,53
Knoxville,2014-10-01,1106,851061,69,34,7,81,75,21,48,65,69,68,19,64,20,40,33,45,36,13,67,49,62,46,77,46
Knoxville,2014-11-01,948,851427,57,29,5,84,72,15,36,65,68,63,29,65,19,49,27,39,37,13,54,49,60,84,79,33
Knoxville,2014-12-01,1140,851793,65,25,12,83,72,17,41,69,69,67,9,68,21,43,36,42,39,6,54,47,53,72,72,40
Knoxville,2015-01-01,777,852159,56,42,25,89,79,23,54,74,69,74,18,70,18,46,37,45,42,9,64,57,70,45,53,57
Knoxville,2015-02-01,792,852572,62,35,18,87,79,20,58,78,69,70,15,71,20,45,39,46,47,13,69,51,82,47,56,54
Knoxville,2015-03-01,1303,852984,63,48,19,90,79,25,59,79,78,77,19,74,24,47,43,52,61,3,63,60,66,43,65,52
Knoxville,2015-04-01,1191,853397,64,44,14,96,86,22,62,78,80,79,20,77,26,45,35,51,69,0,73,60,64,46,65,62
Knoxville,2015-05-01,1340,853810,63,38,22,97,87,24,64,83,81,81,37,77,30,47,41,61,59,14,63,50,60,48,67,71
Knoxville,2015-06-01,1607,854222,64,42,16,91,86,25,75,81,82,80,17,84,23,40,45,66,94,7,77,60,42,52,67,71
Knoxville,2015-07-01,1573,854635,70,33,11,99,87,24,68,80,74,77,16,75,23,33,41,68,79,14,73,56,56,56,65,75
Knoxville,2015-08-01,1452,855048,59,35,14,90,84,22,76,78,75,74,40,79,24,36,40,49,63,3,70,57,80,50,69,50
Knoxville,2015-09-01,1264,855460,55,32,10,83,75,18,61,70,73,73,29,68,23,33,38,42,45,6,58,53,67,46,84,58
Knoxville,2015-10-01,1274,855873,55,32,13,81,79,20,53,69,65,68,23,71,26,27,37,44,56,0,60,49,61,50,79,51
Knoxville,2015-11-01,894,856286,58,31,10,82,75,18,46,71,67,67,18,64,23,32,31,38,31,3,63,45,57,83,81,37
Knoxville,2015-12-01,1353,856698,66,23,6,84,79,16,43,71,74,74,23,73,20,28,40,40,32,12,52,45,48,77,77,38
Knoxville,2016-01-01,864,857111,56,34,15,95,85,17,54,81,74,74,27,73,21,28,41,45,37,12,61,55,69,46,61,38
Knoxville,2016-02-01,1037,857524,64,33,9,89,89,19,50,90,80,78,22,80,26,34,37,51,43,6,63,52,80,45,63,38
Knoxville,2016-03-01,1243,857936,61,36,24,93,93,24,53,100,94,88,23,83,22,27,48,72,47,8,55,55,52,45,62,45
Knoxville,2016-04-01,1122,858349,59,34,21,88,89,19,67,82,81,80,22,81,19,23,36,54,41,4,62,50,56,48,61,36
Knoxville,2016-05-01,1601,858762,63,31,20,98,87,21,63,89,88,86,15,83,29,37,46,63,50,4,66,55,54,49,60,50
Knoxville,2016-06-01,1720,859174,62,36,19,97,94,22,69,88,86,85,16,84,32,21,48,77,49,4,64,52,37,59,63,59
Knoxville,2016-07-01,1626,859587,56,36,19,95,94,19,63,89,84,88,18,80,28,22,46,69,63,6,57,51,51,60,66,60
Knoxville,2016-08-01,1546,860000,64,30,16,84,82,18,53,84,79,75,37,79,27,23,39,53,44,2,73,54,72,50,63,43
Knoxville,2016-09-01,1441,860412,58,29,8,82,82,17,55,82,77,79,41,79,23,24,38,46,28,2,60,50,61,54,86,39
Knoxville,2016-10-01,881,860825,58,26,12,83,85,16,46,79,72,72,20,77,24,26,40,54,30,2,58,49,55,56,77,36
Knoxville,2016-11-01,997,861238,56,25,8,81,76,14,44,73,70,70,17,72,23,19,35,43,25,6,48,44,56,83,82,28
Knoxville,2016-12-01,1192,861650,62,26,10,89,82,14,44,75,76,75,37,75,19,15,39,41,31,8,51,42,46,83,85,26
Knoxville,2017-01-01,962,,58,34,12,94,92,18,63,81,77,77,19,76,29,21,50,45,29,5,65,55,70,50,67,38
Knoxville,2017-02-01,1005,,66,31,16,93,89,19,72,87,80,80,42,84,33,25,44,51,34,2,66,52,60,52,62,44
Knoxville,2017-03-01,1473,,60,36,14,94,86,18,66,84,80,80,28,84,29,19,46,60,46,3,64,52,55,52,70,45
Knoxville,2017-04-01,1360,,62,31,11,97,89,18,71,86,82,80,16,83,25,26,49,53,43,5,60,48,54,57,70,35
Knoxville,2017-05-01,1725,,58,34,15,96,92,19,65,91,87,85,23,89,31,21,54,64,43,4,72,56,53,59,64,44
Knoxville,2017-06-01,1686,,62,33,16,98,95,21,67,90,92,88,17,90,38,22,56,73,51,0,67,57,35,61,67,47
Knoxville,2017-07-01,1594,,69,31,15,100,100,20,71,96,97,95,28,92,32,27,45,69,45,2,72,55,51,66,76,57
Knoxville,2017-08-01,1633,,66,32,10,90,88,19,69,89,86,85,30,84,23,24,47,50,38,8,74,55,71,57,70,46
Knoxville,2017-09-01,1359,,61,29,13,88,84,16,58,83,79,80,18,83,25,22,40,50,35,2,63,49,60,57,88,34
Knoxville,2017-10-01,1487,,62,32,14,89,85,14,59,82,80,80,25,80,26,19,38,53,40,7,75,49,51,58,87,37
Knoxville,2017-11-01,866,,55,28,15,94,84,14,58,74,72,77,25,75,22,18,39,40,29,13,58,45,49,94,95,30
Knoxville,2017-12-01,,,64,27,8,96,85,13,50,76,78,79,18,74,22,17,40,43,25,5,57,43,45,92,99,25
Lakeland,2007-01-01,,574746,,,,,,,,,,,,,,,,,,,,,,,,
Lakeland,2007-02-01,,575233,,,,,,,,,,,,,,,,,,,,,,,,
Lakeland,2007-03-01,,575721,,,,,,,,,,,,,,,,,,,,,,,,
Lakeland,2007-04-01,,576208,,,,,,,,,,,,,,,,,,,,,,,,
Lakeland,2007-05-01,,576695,,,,,,,,,,,,,,,,,,,,,,,,
Lakeland,2007-06-01,,577183,,,,,,,,,,,,,,,,,,,,,,,,
Lakeland,2007-07-01,,577670,,,,,,,,,,,,,,,,,,,,,,,,
Lakeland,2007-08-01,,578157,,,,,,,,,,,,,,,,,,,,,,,,
Lakeland,2007-09-01,,578645,,,,,,,,,,,,,,,,,,,,,,,,
Lakeland,2007-10-01,,579132,,,,,,,,,,,,,,,,,,,,,,,,
Lakeland,2007-11-01,,579619,,,,,,,,,,,,,,,,,,,,,,,,
Lakeland,2007-12-01,,580107,,,,,,,,,,,,,,,,,,,,,,,,
Lakeland,2008-01-01,,580594,,,,,,,,,,,,,,,,,,,,,,,,
Lakeland,2008-02-01,,579433,,,,,,,,,,,,,,,,,,,,,,,,
Lakeland,2008-03-01,531,578271,,,,,,,,,,,,,,,,,,,,,,,,
Lakeland,2008-04-01,505,577110,,,,,,,,,,,,,,,,,,,,,,,,
Lakeland,2008-05-01,541,575948,,,,,,,,,,,,,,,,,,,,,,,,
Lakeland,2008-06-01,610,574787,,,,,,,,,,,,,,,,,,,,,,,,
Lakeland,2008-07-01,599,573626,,,,,,,,,,,,,,,,,,,,,,,,
Lakeland,2008-08-01,498,572464,,,,,,,,,,,,,,,,,,,,,,,,
Lakeland,2008-09-01,572,571303,,,,,,,,,,,,,,,,,,,,,,,,
Lakeland,2008-10-01,514,570141,,,,,,,,,,,,,,,,,,,,,,,,
Lakeland,2008-11-01,373,568980,,,,,,,,,,,,,,,,,,,,,,,,
Lakeland,2008-12-01,513,567818,,,,,,,,,,,,,,,,,,,,,,,,
Lakeland,2009-01-01,458,566657,,,,,,,,,,,,,,,,,,,,,,,,
Lakeland,2009-02-01,464,568612,,,,,,,,,,,,,,,,,,,,,,,,
Lakeland,2009-03-01,636,570567,,,,,,,,,,,,,,,,,,,,,,,,
Lakeland,2009-04-01,612,572522,,,,,,,,,,,,,,,,,,,,,,,,
Lakeland,2009-05-01,661,574477,,,,,,,,,,,,,,,,,,,,,,,,
Lakeland,2009-06-01,665,576432,,,,,,,,,,,,,,,,,,,,,,,,
Lakeland,2009-07-01,646,578387,,,,,,,,,,,,,,,,,,,,,,,,
Lakeland,2009-08-01,603,580341,,,,,,,,,,,,,,,,,,,,,,,,
Lakeland,2009-09-01,579,582296,,,,,,,,,,,,,,,,,,,,,,,,
Lakeland,2009-10-01,661,584251,,,,,,,,,,,,,,,,,,,,,,,,
Lakeland,2009-11-01,605,586206,,,,,,,,,,,,,,,,,,,,,,,,
Lakeland,2009-12-01,667,588161,,,,,,,,,,,,,,,,,,,,,,,,
Lakeland,2010-01-01,595,590116,,,,,,,,,,,,,,,,,,,,,,,,
Lakeland,2010-02-01,563,590804,,,,,,,,,,,,,,,,,,,,,,,,
Lakeland,2010-03-01,724,591493,,,,,,,,,,,,,,,,,,,,,,,,
Lakeland,2010-04-01,803,592181,,,,,,,,,,,,,,,,,,,,,,,,
Lakeland,2010-05-01,781,592869,,,,,,,,,,,,,,,,,,,,,,,,
Lakeland,2010-06-01,877,593558,,,,,,,,,,,,,,,,,,,,,,,,
Lakeland,2010-07-01,778,594246,,,,,,,,,,,,,,,,,,,,,,,,
Lakeland,2010-08-01,672,594934,,,,,,,,,,,,,,,,,,,,,,,,
Lakeland,2010-09-01,656,595623,,,,,,,,,,,,,,,,,,,,,,,,
Lakeland,2010-10-01,572,596311,,,,,,,,,,,,,,,,,,,,,,,,
Lakeland,2010-11-01,613,596999,,,,,,,,,,,,,,,,,,,,,,,,
Lakeland,2010-12-01,546,597688,,,,,,,,,,,,,,,,,,,,,,,,
Lakeland,2011-01-01,636,598376,,,,,,,,,,,,,,,,,,,,,,,,
Lakeland,2011-02-01,573,598892,,,,,,,,,,,,,,,,,,,,,,,,
Lakeland,2011-03-01,824,599407,,,,,,,,,,,,,,,,,,,,,,,,
Lakeland,2011-04-01,700,599923,,,,,,,,,,,,,,,,,,,,,,,,
Lakeland,2011-05-01,549,600438,,,,,,,,,,,,,,,,,,,,,,,,
Lakeland,2011-06-01,695,600954,,,,,,,,,,,,,,,,,,,,,,,,
Lakeland,2011-07-01,597,601469,,,,,,,,,,,,,,,,,,,,,,,,
Lakeland,2011-08-01,684,601985,,,,,,,,,,,,,,,,,,,,,,,,
Lakeland,2011-09-01,554,602500,,,,,,,,,,,,,,,,,,,,,,,,
Lakeland,2011-10-01,578,603016,,,,,,,,,,,,,,,,,,,,,,,,
Lakeland,2011-11-01,566,603531,,,,,,,,,,,,,,,,,,,,,,,,
Lakeland,2011-12-01,612,604047,,,,,,,,,,,,,,,,,,,,,,,,
Lakeland,2012-01-01,448,604562,,,,,,,,,,,,,,,,,,,,,,,,
Lakeland,2012-02-01,493,605040,,,,,,,,,,,,,,,,,,,,,,,,
Lakeland,2012-03-01,648,605518,,,,,,,,,,,,,,,,,,,,,,,,
Lakeland,2012-04-01,693,605995,,,,,,,,,,,,,,,,,,,,,,,,
Lakeland,2012-05-01,675,606473,,,,,,,,,,,,,,,,,,,,,,,,
Lakeland,2012-06-01,603,606951,,,,,,,,,,,,,,,,,,,,,,,,
Lakeland,2012-07-01,690,607429,,,,,,,,,,,,,,,,,,,,,,,,
Lakeland,2012-08-01,652,607906,,,,,,,,,,,,,,,,,,,,,,,,
Lakeland,2012-09-01,525,608384,,,,,,,,,,,,,,,,,,,,,,,,
Lakeland,2012-10-01,703,608862,,,,,,,,,,,,,,,,,,,,,,,,
Lakeland,2012-11-01,676,609340,,,,,,,,,,,,,,,,,,,,,,,,
Lakeland,2012-12-01,695,609817,,,,,,,,,,,,,,,,,,,,,,,,
Lakeland,2013-01-01,641,610295,,,,,,,,,,,,,,,,,,,,,,,,
Lakeland,2013-02-01,653,610881,,,,,,,,,,,,,,,,,,,,,,,,
Lakeland,2013-03-01,758,611466,,,,,,,,,,,,,,,,,,,,,,,,
Lakeland,2013-04-01,984,612052,,,,,,,,,,,,,,,,,,,,,,,,
Lakeland,2013-05-01,816,612638,,,,,,,,,,,,,,,,,,,,,,,,
Lakeland,2013-06-01,835,613223,,,,,,,,,,,,,,,,,,,,,,,,
Lakeland,2013-07-01,759,613809,,,,,,,,,,,,,,,,,,,,,,,,
Lakeland,2013-08-01,804,614395,,,,,,,,,,,,,,,,,,,,,,,,
Lakeland,2013-09-01,747,614980,,,,,,,,,,,,,,,,,,,,,,,,
Lakeland,2013-10-01,773,615566,,,,,,,,,,,,,,,,,,,,,,,,
Lakeland,2013-11-01,618,616152,,,,,,,,,,,,,,,,,,,,,,,,
Lakeland,2013-12-01,806,616737,,,,,,,,,,,,,,,,,,,,,,,,
Lakeland,2014-01-01,633,617323,,,,,,,,,,,,,,,,,,,,,,,,
Lakeland,2014-02-01,655,618102,,,,,,,,,,,,,,,,,,,,,,,,
Lakeland,2014-03-01,755,618882,,,,,,,,,,,,,,,,,,,,,,,,
Lakeland,2014-04-01,926,619661,,,,,,,,,,,,,,,,,,,,,,,,
Lakeland,2014-05-01,962,620441,,,,,,,,,,,,,,,,,,,,,,,,
Lakeland,2014-06-01,834,621220,,,,,,,,,,,,,,,,,,,,,,,,
Lakeland,2014-07-01,850,622000,,,,,,,,,,,,,,,,,,,,,,,,
Lakeland,2014-08-01,876,622779,,,,,,,,,,,,,,,,,,,,,,,,
Lakeland,2014-09-01,866,623558,,,,,,,,,,,,,,,,,,,,,,,,
Lakeland,2014-10-01,888,624338,,,,,,,,,,,,,,,,,,,,,,,,
Lakeland,2014-11-01,713,625117,,,,,,,,,,,,,,,,,,,,,,,,
Lakeland,2014-12-01,864,625897,,,,,,,,,,,,,,,,,,,,,,,,
Lakeland,2015-01-01,691,626676,,,,,,,,,,,,,,,,,,,,,,,,
Lakeland,2015-02-01,767,627594,,,,,,,,,,,,,,,,,,,,,,,,
Lakeland,2015-03-01,1011,628512,,,,,,,,,,,,,,,,,,,,,,,,
Lakeland,2015-04-01,1078,629430,,,,,,,,,,,,,,,,,,,,,,,,
Lakeland,2015-05-01,990,630348,,,,,,,,,,,,,,,,,,,,,,,,
Lakeland,2015-06-01,1168,631266,,,,,,,,,,,,,,,,,,,,,,,,
Lakeland,2015-07-01,1068,632184,,,,,,,,,,,,,,,,,,,,,,,,
Lakeland,2015-08-01,987,633101,,,,,,,,,,,,,,,,,,,,,,,,
Lakeland,2015-09-01,973,634019,,,,,,,,,,,,,,,,,,,,,,,,
Lakeland,2015-10-01,965,634937,,,,,,,,,,,,,,,,,,,,,,,,
Lakeland,2015-11-01,792,635855,,,,,,,,,,,,,,,,,,,,,,,,
Lakeland,2015-12-01,1018,636773,,,,,,,,,,,,,,,,,,,,,,,,
Lakeland,2016-01-01,752,637691,,,,,,,,,,,,,,,,,,,,,,,,
Lakeland,2016-02-01,851,638609,,,,,,,,,,,,,,,,,,,,,,,,
Lakeland,2016-03-01,1086,639527,,,,,,,,,,,,,,,,,,,,,,,,
Lakeland,2016-04-01,1105,640445,,,,,,,,,,,,,,,,,,,,,,,,
Lakeland,2016-05-01,1095,641363,,,,,,,,,,,,,,,,,,,,,,,,
Lakeland,2016-06-01,1336,642281,,,,,,,,,,,,,,,,,,,,,,,,
Lakeland,2016-07-01,1144,643198,,,,,,,,,,,,,,,,,,,,,,,,
Lakeland,2016-08-01,1168,644116,,,,,,,,,,,,,,,,,,,,,,,,
Lakeland,2016-09-01,736,645034,,,,,,,,,,,,,,,,,,,,,,,,
Lakeland,2016-10-01,979,645952,,,,,,,,,,,,,,,,,,,,,,,,
Lakeland,2016-11-01,969,646870,,,,,,,,,,,,,,,,,,,,,,,,
Lakeland,2016-12-01,1061,647788,,,,,,,,,,,,,,,,,,,,,,,,
Lakeland,2017-01-01,705,,,,,,,,,,,,,,,,,,,,,,,,,
Lakeland,2017-02-01,835,,,,,,,,,,,,,,,,,,,,,,,,,
Lakeland,2017-03-01,1173,,,,,,,,,,,,,,,,,,,,,,,,,
Lakeland,2017-04-01,1012,,,,,,,,,,,,,,,,,,,,,,,,,
Lakeland,2017-05-01,1193,,,,,,,,,,,,,,,,,,,,,,,,,
Lakeland,2017-06-01,1106,,,,,,,,,,,,,,,,,,,,,,,,,
Lakeland,2017-07-01,1204,,,,,,,,,,,,,,,,,,,,,,,,,
Lakeland,2017-08-01,1220,,,,,,,,,,,,,,,,,,,,,,,,,
Lakeland,2017-09-01,777,,,,,,,,,,,,,,,,,,,,,,,,,
Lakeland,2017-10-01,1051,,,,,,,,,,,,,,,,,,,,,,,,,
Lakeland,2017-11-01,1062,,,,,,,,,,,,,,,,,,,,,,,,,
Lakeland,2017-12-01,1001,,,,,,,,,,,,,,,,,,,,,,,,,
Nashville,2007-01-01,,1486442,25,67,16,67,73,57,20,68,65,61,45,59,28,12,23,80,15,15,1,51,68,22,46,28
Nashville,2007-02-01,,1489153,28,69,12,69,70,56,23,65,64,62,23,61,20,14,27,79,14,23,2,41,66,21,39,37
Nashville,2007-03-01,,1491864,25,81,27,63,68,52,22,68,64,68,0,66,24,18,26,83,12,0,2,48,60,22,37,30
Nashville,2007-04-01,,1494574,25,59,11,73,73,55,24,75,67,72,0,73,28,14,30,76,25,7,6,50,67,26,30,33
Nashville,2007-05-01,,1497285,27,68,7,68,72,60,25,86,75,82,10,83,22,9,40,87,19,13,4,51,63,24,35,27
Nashville,2007-06-01,,1499996,31,68,12,80,77,64,32,76,73,76,34,76,21,12,36,94,23,7,5,53,45,26,35,40
Nashville,2007-07-01,,1502707,32,72,23,76,78,68,27,84,73,73,22,79,28,21,41,86,18,14,3,50,59,27,38,31
Nashville,2007-08-01,,1505417,31,77,14,70,72,54,19,81,64,64,0,73,25,16,30,81,16,6,4,59,81,27,36,29
Nashville,2007-09-01,,1508128,27,70,13,67,66,50,14,63,60,59,0,59,24,16,27,71,12,0,2,50,71,24,44,27
Nashville,2007-10-01,,1510839,24,46,12,61,69,42,16,70,67,69,18,64,21,15,32,71,11,6,5,49,65,23,48,29
Nashville,2007-11-01,,1513550,29,62,12,59,63,40,15,72,69,67,0,63,23,19,29,66,14,12,3,45,63,44,47,35
Nashville,2007-12-01,,1516260,26,50,27,62,64,37,15,60,61,58,19,66,17,21,31,70,9,0,4,36,57,41,53,26
Nashville,2008-01-01,,1518971,32,97,29,73,70,46,21,71,67,67,25,67,20,28,41,78,18,11,10,60,68,26,51,25
Nashville,2008-02-01,,1519111,28,84,30,64,69,45,16,70,63,67,8,69,22,20,38,79,19,6,3,55,72,24,41,33
Nashville,2008-03-01,2293,1519251,28,89,21,67,74,45,20,75,65,66,17,75,19,15,36,82,18,6,5,55,64,24,37,28
Nashville,2008-04-01,2445,1519391,33,70,12,66,68,44,14,72,66,67,16,68,23,19,33,79,20,0,7,59,64,24,41,34
Nashville,2008-05-01,2501,1519530,27,58,16,66,70,42,20,81,75,80,9,73,22,20,33,82,15,12,10,58,64,27,42,38
Nashville,2008-06-01,2711,1519670,25,70,20,73,73,51,20,83,80,89,10,89,26,30,44,95,19,12,11,61,50,31,41,35
Nashville,2008-07-01,2715,1519810,34,50,9,79,78,44,22,75,80,80,0,75,28,23,32,88,18,12,17,63,60,30,49,42
Nashville,2008-08-01,2409,1519950,30,51,24,70,69,43,22,78,75,70,0,73,29,18,32,74,21,23,13,62,77,26,44,32
Nashville,2008-09-01,2142,1520090,33,60,14,60,67,38,17,66,59,63,8,60,27,33,25,69,15,21,7,64,70,24,43,30
Nashville,2008-10-01,1981,1520230,33,50,13,61,67,33,14,64,58,62,15,59,30,19,32,65,10,20,10,60,69,28,45,29
Nashville,2008-11-01,1439,1520369,32,66,11,59,63,30,15,58,60,58,8,56,16,30,29,60,11,32,9,60,67,47,46,27
Nashville,2008-12-01,1535,1520509,39,82,44,67,64,32,15,70,69,68,8,60,17,18,34,62,11,10,9,54,62,53,49,25
Nashville,2009-01-01,1252,1520649,35,90,46,75,73,37,13,71,65,63,29,69,23,32,34,68,25,56,15,77,72,31,39,35
Nashville,2009-02-01,1410,1522390,35,80,21,68,69,38,19,72,70,67,0,71,18,29,40,69,19,62,13,64,67,24,39,37
Nashville,2009-03-01,1727,1524131,36,94,54,82,70,37,22,74,70,69,14,70,18,38,38,75,23,62,15,65,71,29,39,36
Nashville,2009-04-01,1889,1525872,36,67,49,70,73,39,20,68,62,66,27,69,22,22,37,63,24,13,13,59,65,25,39,23
Nashville,2009-05-01,1931,1527613,28,69,23,72,75,43,25,80,82,78,7,71,25,20,39,75,20,38,13,68,68,33,34,23
Nashville,2009-06-01,2412,1529354,37,71,30,77,77,42,20,84,80,82,38,75,25,30,46,92,27,40,13,72,49,32,46,33
Nashville,2009-07-01,2453,1531095,40,69,16,82,76,41,26,84,81,80,7,79,25,29,43,94,23,82,15,69,60,28,39,39
Nashville,2009-08-01,2262,1532836,35,61,17,70,71,43,20,80,78,79,21,75,26,33,38,72,27,69,20,72,85,27,46,28
Nashville,2009-09-01,2232,1534577,35,52,12,67,65,33,20,67,64,66,20,69,20,35,39,72,18,21,17,69,82,31,48,29
Nashville,2009-10-01,2330,1536318,38,52,18,65,73,32,17,72,71,67,6,66,24,25,41,70,31,38,15,63,77,29,47,30
Nashville,2009-11-01,2188,1538059,39,50,26,71,69,31,16,71,68,71,7,67,18,23,36,60,11,65,19,64,71,54,47,21
Nashville,2009-12-01,1982,1539800,41,48,21,67,66,28,16,71,66,70,7,64,21,20,38,58,12,17,14,53,58,54,46,23
Nashville,2010-01-01,1328,1541541,42,60,21,74,72,37,20,69,69,63,12,64,19,27,42,66,16,23,21,76,75,32,52,34
Nashville,2010-02-01,1451,1543868,47,51,26,74,70,38,21,77,73,72,12,66,21,30,45,74,17,48,22,66,79,28,40,42
Nashville,2010-03-01,2239,1546196,45,58,20,75,70,37,25,77,72,69,6,68,29,39,46,80,25,48,21,69,69,29,39,32
Nashville,2010-04-01,2371,1548523,39,48,24,71,73,36,18,73,72,72,34,70,23,20,41,69,26,44,21,65,69,29,42,33
Nashville,2010-05-01,2438,1550851,43,44,24,70,76,33,23,74,70,71,0,73,25,39,43,79,23,38,23,69,73,33,40,33
Nashville,2010-06-01,2751,1553178,50,70,23,79,76,38,18,80,77,74,12,82,31,37,48,85,30,63,25,70,51,33,53,40
Nashville,2010-07-01,1950,1555506,48,49,48,75,74,39,26,73,72,75,33,78,27,40,39,84,31,80,31,69,58,34,46,41
Nashville,2010-08-01,1896,1557833,48,66,42,71,72,37,20,76,71,73,5,71,29,40,37,71,35,27,28,71,87,34,43,36
Nashville,2010-09-01,1905,1560160,40,55,19,72,69,30,23,71,70,70,30,67,23,38,32,68,29,36,29,64,82,31,55,33
Nashville,2010-10-01,1676,1562488,47,45,36,61,70,29,23,68,64,60,10,66,32,35,29,59,21,48,36,61,70,35,52,26
Nashville,2010-11-01,1621,1564815,45,46,22,71,64,27,24,67,63,64,33,61,20,46,38,58,16,37,25,63,73,60,54,25
Nashville,2010-12-01,1694,1567143,50,33,21,66,67,23,17,66,64,61,19,57,27,36,35,55,19,54,26,53,63,58,55,25
Nashville,2011-01-01,1353,1569470,39,47,29,69,71,32,26,72,63,69,29,63,25,39,39,62,24,54,37,64,75,34,53,36
Nashville,2011-02-01,1430,1571635,46,47,25,72,70,29,23,75,66,65,20,71,24,33,37,61,27,29,35,57,70,34,48,36
Nashville,2011-03-01,1735,1573801,38,47,22,73,72,31,25,73,70,68,23,70,24,35,38,69,24,18,44,58,62,32,52,33
Nashville,2011-04-01,1730,1575966,36,40,23,69,74,32,22,73,70,69,13,66,25,34,38,60,28,30,36,58,62,34,48,32
Nashville,2011-05-01,2052,1578131,36,43,11,73,74,29,29,77,72,71,10,78,29,37,41,72,24,26,35,65,63,36,48,40
Nashville,2011-06-01,2179,1580297,39,46,23,75,79,35,30,82,79,77,20,77,30,31,46,79,33,37,50,67,47,39,51,50
Nashville,2011-07-01,2043,1582462,41,44,21,76,78,35,32,80,74,76,34,75,33,36,45,79,34,39,54,64,59,40,51,40
Nashville,2011-08-01,2269,1584627,34,54,30,69,73,32,34,78,72,75,18,70,29,39,38,61,31,42,55,67,77,39,56,36
Nashville,2011-09-01,1965,1586793,41,46,23,69,69,25,21,72,67,65,27,66,21,30,38,54,27,30,48,62,69,35,58,37
Nashville,2011-10-01,1757,1588958,41,51,31,67,73,24,22,70,67,69,14,66,23,41,38,52,26,32,45,57,65,42,79,32
Nashville,2011-11-01,1710,1591123,44,46,25,65,63,20,22,66,63,62,11,61,22,32,32,46,22,13,43,52,61,67,71,23
Nashville,2011-12-01,1842,1593289,42,46,20,63,69,25,27,66,66,68,13,68,21,45,32,50,20,22,44,48,51,63,69,26
Nashville,2012-01-01,1630,1595454,40,53,25,72,73,27,30,72,66,66,28,66,24,58,37,54,29,21,58,63,65,39,61,37
Nashville,2012-02-01,1656,1604383,39,53,27,69,74,28,29,74,71,72,9,74,23,49,35,58,30,8,52,56,64,39,51,38
Nashville,2012-03-01,2018,1613312,37,50,23,70,74,26,33,75,75,73,20,67,24,47,36,59,31,9,49,52,59,39,63,41
Nashville,2012-04-01,2296,1622241,39,52,22,72,73,28,37,73,68,70,28,71,23,55,36,57,23,21,51,60,61,37,54,36
Nashville,2012-05-01,2548,1631170,38,51,20,72,74,26,31,77,76,74,28,77,26,42,38,67,36,19,55,60,57,37,52,52
Nashville,2012-06-01,2556,1640099,40,56,30,74,77,28,33,74,78,76,28,75,27,45,41,77,44,13,56,56,44,40,54,47
Nashville,2012-07-01,2772,1649029,39,55,34,77,78,30,36,71,74,72,36,70,28,45,38,68,34,26,64,61,60,44,58,46
Nashville,2012-08-01,2649,1657958,39,47,23,70,76,25,36,73,72,72,44,66,25,34,33,54,36,14,59,61,78,39,62,42
Nashville,2012-09-01,2127,1666887,34,50,25,70,71,23,34,67,65,64,24,69,21,40,29,51,33,11,59,58,67,41,90,36
Nashville,2012-10-01,2376,1675816,38,45,22,65,67,20,30,66,64,64,20,62,23,35,32,47,26,16,57,53,61,39,73,38
Nashville,2012-11-01,1979,1684745,50,38,22,64,65,17,22,66,63,64,18,64,27,35,31,40,19,20,48,48,58,78,71,28
Nashville,2012-12-01,2090,1693674,53,32,13,65,65,19,22,66,61,62,21,62,31,39,31,42,19,25,53,41,56,68,72,27
Nashville,2013-01-01,1850,1702603,37,50,24,77,75,25,33,66,66,66,25,64,26,42,35,52,30,40,66,60,70,40,60,37
Nashville,2013-02-01,1715,1704929,40,48,26,74,77,27,39,71,67,68,27,65,23,50,37,54,29,8,74,56,64,38,56,39
Nashville,2013-03-01,2214,1707255,36,51,21,76,74,26,38,70,71,68,28,70,27,52,39,58,33,17,71,53,58,40,53,39
Nashville,2013-04-01,2838,1709581,38,44,25,73,75,24,38,71,73,72,24,67,23,49,34,54,25,12,68,55,56,39,53,37
Nashville,2013-05-01,2975,1711907,41,42,20,77,80,24,39,76,76,76,20,79,26,50,39,62,43,17,73,56,57,41,55,44
Nashville,2013-06-01,3023,1714233,43,41,22,79,80,27,39,81,81,81,32,79,26,46,39,65,41,14,73,57,43,46,59,46
Nashville,2013-07-01,3280,1716559,50,40,15,77,80,27,37,84,83,83,25,83,33,47,38,67,43,17,68,56,52,45,57,44
Nashville,2013-08-01,2889,1718885,51,35,15,73,75,23,34,79,77,76,11,77,36,46,31,53,32,12,68,58,73,44,58,41
Nashville,2013-09-01,2576,1721211,35,36,8,71,70,22,37,72,72,71,32,68,20,40,32,51,28,12,72,54,67,41,83,36
Nashville,2013-10-01,2592,1723537,39,39,12,69,72,20,37,71,68,71,23,71,26,37,30,52,32,24,69,55,59,44,66,37
Nashville,2013-11-01,2188,1725863,44,28,10,69,70,17,29,73,68,68,13,70,24,35,30,43,24,19,58,52,57,77,62,23
Nashville,2013-12-01,2317,1728189,41,31,7,72,69,18,32,68,67,68,21,71,21,33,34,47,23,12,55,46,54,72,71,32
Nashville,2014-01-01,1912,1730515,38,40,17,78,77,24,42,74,70,70,26,71,24,39,43,51,34,30,76,62,69,39,54,37
Nashville,2014-02-01,1992,1733126,40,38,17,79,78,22,38,81,78,75,24,75,24,43,38,57,29,26,67,54,66,43,55,39
Nashville,2014-03-01,2417,1735737,40,34,11,76,78,20,35,87,83,82,32,82,32,39,45,61,31,21,65,52,59,46,51,34
Nashville,2014-04-01,2962,1738348,37,36,10,80,80,23,45,74,74,74,25,75,25,33,38,56,31,18,70,57,58,41,51,39
Nashville,2014-05-01,3137,1740959,39,35,15,84,84,24,49,83,80,81,19,82,25,33,40,65,35,15,69,60,58,44,50,47
Nashville,2014-06-01,3450,1743570,35,33,11,86,84,23,49,83,83,82,19,83,29,40,45,76,54,16,79,60,42,45,53,52
Nashville,2014-07-01,3560,1746182,39,35,16,83,86,25,52,84,83,83,29,86,28,35,46,71,57,11,76,60,55,48,59,57
Nashville,2014-08-01,3256,1748793,39,36,15,76,80,22,51,80,80,81,24,84,27,41,38,59,42,12,79,62,71,47,60,48
Nashville,2014-09-01,3212,1751404,37,31,15,73,76,22,51,75,72,77,25,77,23,39,36,55,43,9,75,58,64,43,94,45
Nashville,2014-10-01,3153,1754015,37,32,12,72,76,20,42,72,75,74,12,74,21,35,38,53,32,10,78,54,59,44,77,40
Nashville,2014-11-01,2625,1756626,38,27,12,76,72,17,38,73,73,72,12,72,18,31,35,45,30,5,63,48,59,80,77,33
Nashville,2014-12-01,2831,1759237,43,27,14,74,73,17,31,70,72,74,24,71,22,30,37,46,24,6,58,46,48,77,71,30
Nashville,2015-01-01,2050,1761848,39,39,22,79,81,21,49,78,77,79,26,79,26,32,42,55,32,7,70,58,64,43,59,43
Nashville,2015-02-01,1998,1764575,42,34,16,77,77,19,42,83,82,79,24,79,26,40,45,56,32,11,61,50,67,45,56,41
Nashville,2015-03-01,3031,1767302,42,39,20,79,84,23,52,84,83,83,21,85,32,42,46,63,39,5,71,53,59,44,69,45
Nashville,2015-04-01,3033,1770029,39,41,15,83,85,22,53,81,85,82,29,82,29,36,40,59,39,6,71,57,55,44,66,52
Nashville,2015-05-01,3579,1772755,43,40,12,83,89,21,53,88,89,89,33,90,29,33,45,68,46,7,69,57,57,50,63,46
Nashville,2015-06-01,4273,1775482,43,40,20,86,87,24,54,88,89,89,28,88,34,40,51,78,54,11,74,61,42,51,68,61
Nashville,2015-07-01,4222,1778209,39,39,18,83,90,24,61,85,84,85,20,86,32,31,43,76,71,6,90,61,51,51,63,73
Nashville,2015-08-01,3864,1780936,39,40,22,81,84,23,59,81,81,83,22,84,30,29,43,62,66,7,84,65,73,46,67,56
Nashville,2015-09-01,3758,1783663,36,35,20,78,77,20,47,78,77,79,24,81,27,24,47,60,43,3,86,59,65,44,86,55
Nashville,2015-10-01,3432,1786390,38,33,23,75,82,20,48,79,76,77,24,78,31,25,40,59,43,3,83,54,58,50,73,46
Nashville,2015-11-01,2471,1789116,39,28,12,75,78,17,43,74,73,71,13,73,27,20,38,49,34,7,67,47,53,83,85,36
Nashville,2015-12-01,3265,1791843,39,27,11,78,78,17,40,78,78,77,14,72,28,20,43,51,28,7,65,44,46,81,79,38
Nashville,2016-01-01,2315,1794570,30,32,14,80,86,20,47,80,77,79,17,80,30,22,51,55,32,6,70,52,67,42,66,35
Nashville,2016-02-01,2469,1797297,34,35,14,78,84,20,46,89,83,83,28,87,33,26,50,61,33,8,75,52,68,42,63,39
Nashville,2016-03-01,3171,1800024,35,35,18,82,88,22,52,89,88,85,22,83,36,23,51,66,38,6,70,50,53,43,61,42
Nashville,2016-04-01,3315,1802751,34,38,18,84,91,22,55,83,86,83,21,87,30,20,45,60,32,3,71,54,56,42,64,40
Nashville,2016-05-01,3798,1805477,33,36,14,84,89,23,54,90,91,88,23,90,30,18,57,68,32,9,73,55,55,46,62,41
Nashville,2016-06-01,4223,1808204,34,37,20,86,91,24,59,87,88,89,22,92,36,19,59,78,35,2,77,56,40,53,63,46
Nashville,2016-07-01,3470,1810931,33,35,19,87,92,24,59,89,88,87,34,93,32,20,60,75,33,3,72,54,53,51,63,43
Nashville,2016-08-01,3779,1813658,35,39,24,78,85,23,52,84,86,84,32,83,33,23,51,59,27,7,72,55,71,47,64,38
Nashville,2016-09-01,3443,1816385,31,32,19,80,78,19,44,81,83,83,25,81,31,20,46,53,23,6,68,51,63,46,89,33
Nashville,2016-10-01,3557,1819112,31,29,17,76,84,18,47,79,79,79,27,77,29,17,48,59,23,5,70,50,55,47,75,32
Nashville,2016-11-01,3246,1821838,31,31,12,76,79,17,44,74,73,73,24,75,29,15,45,51,18,4,58,44,52,74,80,25
Nashville,2016-12-01,3648,1824565,32,27,14,78,79,16,41,78,77,80,29,79,26,15,53,52,17,5,61,42,44,72,88,23
Nashville,2017-01-01,2677,,28,35,18,85,91,20,55,79,80,78,20,77,30,18,58,51,24,6,79,55,63,45,74,35
Nashville,2017-02-01,2618,,31,36,18,81,88,21,58,84,84,85,35,81,28,17,50,60,26,5,73,53,58,45,67,37
Nashville,2017-03-01,3744,,31,35,18,84,88,22,59,84,84,86,31,83,32,17,61,65,30,7,79,51,55,47,64,37
Nashville,2017-04-01,3361,,31,33,14,85,90,21,60,81,85,83,30,87,28,17,59,64,22,3,76,50,54,46,67,40
Nashville,2017-05-01,4200,,34,34,14,88,90,22,60,84,90,90,28,89,31,20,67,69,29,6,77,54,55,49,67,37
Nashville,2017-06-01,4443,,33,33,24,88,96,21,62,87,93,92,30,96,33,17,73,76,31,3,78,53,39,52,68,44
Nashville,2017-07-01,3849,,32,33,20,90,100,23,64,92,98,97,22,98,33,16,57,72,39,5,80,54,53,54,69,40
Nashville,2017-08-01,4286,,33,37,21,84,85,21,62,85,86,84,33,89,31,18,58,60,26,4,85,57,71,52,74,38
Nashville,2017-09-01,3576,,33,31,20,79,82,18,54,82,84,85,38,83,29,17,57,66,21,5,73,57,62,47,92,30
Nashville,2017-10-01,3615,,33,31,16,79,87,19,55,80,84,83,25,83,27,15,51,61,21,6,75,54,54,52,79,30
Nashville,2017-11-01,3324,,31,28,15,84,83,16,49,76,80,80,26,81,28,15,51,49,20,5,66,47,54,79,95,24
Nashville,2017-12-01,,,31,29,13,84,84,14,45,76,77,80,32,84,26,19,55,52,17,4,63,43,44,74,100,23
Tampa,2007-01-01,,2687027,54,85,24,73,76,63,36,77,74,70,10,78,49,44,40,81,13,16,1,50,61,23,38,35
Tampa,2007-02-01,,2689112,49,82,25,69,71,56,38,79,72,76,26,71,47,45,38,79,9,3,1,41,58,23,31,33
Tampa,2007-03-01,,2691196,52,93,33,73,71,55,37,77,72,74,29,83,47,35,45,94,12,16,1,44,56,22,35,47
Tampa,2007-04-01,,2693281,47,78,20,68,71,54,38,82,72,72,9,74,42,36,41,92,17,12,2,50,58,23,29,48
Tampa,2007-05-01,,2695365,54,74,23,73,70,56,35,84,82,82,4,84,41,48,45,93,10,14,4,50,62,24,33,44
Tampa,2007-06-01,,2697450,55,75,19,71,73,54,35,80,76,78,9,85,44,33,46,94,15,9,4,56,49,24,32,53
Tampa,2007-07-01,,2699535,52,97,32,71,75,58,40,82,74,77,4,79,45,36,46,93,17,14,2,57,52,27,36,39
Tampa,2007-08-01,,2701619,53,98,21,70,71,51,38,82,78,78,4,78,46,41,36,80,15,16,4,57,80,24,33,43
Tampa,2007-09-01,,2703704,50,70,24,66,69,49,29,73,69,67,0,70,42,36,37,75,12,20,4,57,70,25,44,40
Tampa,2007-10-01,,2705788,52,65,24,63,68,45,28,71,69,69,16,70,34,33,36,72,12,18,7,55,67,25,42,30
Tampa,2007-11-01,,2707873,51,59,17,62,65,42,32,74,73,74,21,71,38,44,37,64,14,11,4,47,61,41,43,32
Tampa,2007-12-01,,2709957,54,58,16,60,62,37,32,75,71,71,16,71,31,28,37,62,13,5,3,46,52,44,52,30
Tampa,2008-01-01,,2712042,51,88,26,69,71,45,34,79,71,73,11,72,44,42,42,75,16,17,5,61,60,26,43,40
Tampa,2008-02-01,,2713497,47,73,30,70,69,43,35,75,75,72,11,76,38,37,40,80,14,20,7,54,62,25,41,48
Tampa,2008-03-01,2472,2714952,51,82,30,68,68,49,29,81,77,77,18,78,41,40,42,85,23,12,7,56,59,26,37,41
Tampa,2008-04-01,2834,2716407,55,76,23,67,70,44,32,83,81,84,22,78,35,43,39,80,13,14,9,59,58,25,38,43
Tampa,2008-05-01,2707,2717862,55,61,20,68,67,45,36,91,88,89,22,85,42,43,39,87,17,2,9,65,62,29,36,57
Tampa,2008-06-01,2909,2719317,47,57,11,71,69,43,35,87,89,86,19,84,45,41,46,77,21,20,7,65,52,30,38,51
Tampa,2008-07-01,3111,2720772,51,53,14,72,73,44,37,79,78,81,11,77,41,44,39,81,21,24,10,65,54,27,49,51
Tampa,2008-08-01,2648,2722226,55,53,19,68,66,43,32,71,69,71,15,69,46,38,36,71,20,21,9,65,77,29,39,41
Tampa,2008-09-01,2652,2723681,55,53,19,65,63,37,35,68,66,65,18,65,46,43,44,62,16,28,14,72,73,27,44,40
Tampa,2008-10-01,2742,2725136,52,50,8,54,63,30,26,69,65,65,12,65,34,29,37,66,13,36,10,64,64,26,37,25
Tampa,2008-11-01,2030,2726591,51,52,16,60,64,33,30,70,73,70,22,70,29,39,39,54,14,31,10,60,62,46,47,37
Tampa,2008-12-01,2484,2728046,57,64,39,62,62,32,28,72,70,71,14,71,35,48,48,58,16,44,11,55,55,52,47,38
Tampa,2009-01-01,2258,2729501,56,85,43,70,71,39,37,75,74,72,17,66,37,60,47,62,13,42,14,73,61,29,38,36
Tampa,2009-02-01,2117,2730822,59,71,16,62,67,40,36,75,73,71,14,73,37,62,53,69,20,44,17,62,60,28,31,36
Tampa,2009-03-01,2862,2732143,56,82,32,70,69,40,36,75,74,73,10,78,37,44,48,79,22,43,19,60,60,30,38,38
Tampa,2009-04-01,2901,2733463,57,72,52,65,70,40,38,77,77,75,23,74,35,46,51,76,21,36,13,59,61,28,35,42
Tampa,2009-05-01,2804,2734784,55,64,25,66,69,36,43,84,78,82,10,83,34,55,48,77,22,32,13,65,65,28,33,45
Tampa,2009-06-01,3369,2736105,60,73,22,68,73,40,43,83,82,82,25,80,46,49,58,82,20,42,17,70,53,33,37,36
Tampa,2009-07-01,3366,2737426,62,68,24,71,69,40,39,83,81,79,41,91,49,42,58,85,26,38,14,71,52,31,35,41
Tampa,2009-08-01,3008,2738746,60,64,14,71,69,40,44,92,81,87,34,82,61,44,52,73,17,35,18,70,80,32,39,35
Tampa,2009-09-01,2936,2740067,62,61,21,65,66,34,40,74,70,74,10,72,44,49,49,62,12,49,18,73,76,29,44,34
Tampa,2009-10-01,3275,2741388,59,58,18,63,65,33,31,75,74,70,32,75,42,41,49,62,18,42,17,66,73,33,43,37
Tampa,2009-11-01,2896,2742709,62,42,21,65,68,31,29,74,75,73,34,71,42,38,46,54,16,37,18,62,60,55,46,30
Tampa,2009-12-01,3426,2744029,69,46,13,65,62,28,28,73,71,72,20,72,40,38,51,56,19,37,18,55,54,53,45,28
Tampa,2010-01-01,2401,2745350,62,51,19,69,71,34,43,76,73,70,21,72,49,51,57,66,21,24,19,63,65,33,56,34
Tampa,2010-02-01,2230,2747414,66,49,15,69,69,33,35,78,76,72,6,71,42,68,55,70,26,39,16,60,64,31,40,36
Tampa,2010-03-01,3477,2749477,63,53,20,66,70,34,39,82,78,79,14,80,44,65,55,78,20,32,21,60,63,30,38,42
Tampa,2010-04-01,3373,2751541,61,49,15,67,72,35,40,80,76,72,9,75,42,51,61,80,22,24,20,62,64,33,43,35
Tampa,2010-05-01,3408,2753605,51,47,15,66,71,34,36,82,82,80,9,75,43,59,60,82,29,33,21,68,69,32,48,40
Tampa,2010-06-01,3731,2755668,58,57,22,70,70,34,39,79,79,81,13,82,49,66,65,87,30,62,22,73,58,33,53,43
Tampa,2010-07-01,3148,2757732,61,56,30,64,70,31,41,76,81,75,18,77,43,62,54,83,32,100,25,72,55,32,47,42
Tampa,2010-08-01,2749,2759796,60,50,26,62,68,31,43,74,73,72,18,74,55,60,49,73,29,25,29,63,80,33,45,36
Tampa,2010-09-01,2908,2761859,60,50,27,62,64,30,39,74,72,71,15,71,42,65,44,64,25,13,32,63,73,33,57,41
Tampa,2010-10-01,2949,2763923,64,39,24,59,64,27,38,71,70,70,26,73,42,61,43,58,16,20,32,59,71,36,49,43
Tampa,2010-11-01,2767,2765987,64,46,18,62,62,25,41,71,69,69,20,68,45,69,41,56,18,22,33,56,63,57,62,39
Tampa,2010-12-01,3486,2768050,65,41,21,60,62,24,41,71,73,74,11,72,38,70,48,49,19,43,32,51,55,58,60,36
Tampa,2011-01-01,3072,2770114,62,44,13,70,71,31,49,77,72,71,20,71,45,74,58,61,30,15,32,58,62,39,54,46
Tampa,2011-02-01,2916,2772089,55,47,8,67,68,31,46,83,76,76,25,77,50,78,60,68,25,21,38,53,58,38,48,48
Tampa,2011-03-01,4004,2774064,47,39,14,65,67,31,46,81,80,75,24,76,45,71,55,76,32,23,37,52,57,36,57,51
Tampa,2011-04-01,4082,2776039,50,41,12,64,65,29,50,76,71,72,14,75,47,73,53,70,32,24,34,53,51,36,49,50
Tampa,2011-05-01,3704,2778014,50,40,11,62,69,29,46,75,74,77,20,75,39,67,56,72,31,23,40,61,57,38,46,51
Tampa,2011-06-01,3934,2779989,53,39,10,63,70,29,46,82,76,78,24,78,49,70,62,80,32,17,46,61,50,41,51,53
Tampa,2011-07-01,3393,2781964,51,44,14,67,73,30,56,83,79,80,28,76,50,79,63,79,42,14,50,62,51,43,55,61
Tampa,2011-08-01,3707,2783939,44,36,18,57,60,22,42,74,68,68,21,69,44,69,53,58,32,16,42,57,70,39,47,42
Tampa,2011-09-01,3273,2785914,43,36,17,56,59,20,36,73,67,67,15,67,42,64,49,52,24,16,40,54,59,37,49,40
Tampa,2011-10-01,2929,2787889,43,38,23,57,61,20,36,68,64,66,16,67,43,57,42,48,22,22,47,52,54,40,72,38
Tampa,2011-11-01,2861,2789864,53,39,25,65,63,21,45,74,70,69,27,69,38,65,44,45,28,12,49,50,54,66,72,40
Tampa,2011-12-01,3266,2791839,50,36,19,67,65,21,43,70,68,70,15,69,40,65,42,47,31,17,44,45,46,64,72,40
Tampa,2012-01-01,2689,2793814,53,48,24,70,73,28,55,75,72,70,18,71,44,74,52,54,37,19,55,54,58,42,57,52
Tampa,2012-02-01,2507,2795933,52,46,26,68,70,28,60,79,76,75,23,76,47,79,55,64,43,19,52,49,56,40,51,59
Tampa,2012-03-01,3616,2798052,50,47,27,69,70,29,59,77,77,75,22,77,45,70,57,71,42,12,52,48,52,40,61,62
Tampa,2012-04-01,3621,2800171,51,46,23,66,71,27,59,78,77,80,26,76,44,72,50,65,44,13,50,53,52,37,54,58
Tampa,2012-05-01,3990,2802290,52,42,23,68,71,27,56,75,79,79,21,78,42,70,53,70,40,18,54,57,57,38,53,60
Tampa,2012-06-01,3957,2804409,46,46,28,68,69,26,56,76,78,80,16,77,49,68,57,71,47,12,65,59,50,40,60,62
Tampa,2012-07-01,3921,2806528,46,46,29,72,74,26,58,74,79,78,27,80,53,70,59,71,45,13,58,56,50,42,54,63
Tampa,2012-08-01,4062,2808646,46,39,17,67,72,25,58,72,71,73,17,72,51,69,51,57,41,17,61,58,77,44,58,54
Tampa,2012-09-01,3498,2810765,44,47,27,64,70,23,54,75,75,75,21,75,51,67,46,52,28,19,56,56,62,40,87,49
Tampa,2012-10-01,4415,2812884,41,41,27,61,68,23,54,69,67,70,16,72,41,58,48,47,33,25,60,52,60,41,67,46
Tampa,2012-11-01,3730,2815003,42,39,21,63,70,21,52,67,68,67,22,68,51,68,44,41,34,24,54,47,51,72,75,48
Tampa,2012-12-01,3965,2817122,42,32,18,63,67,19,44,67,69,70,25,70,41,76,49,41,30,21,55,43,52,69,78,46
Tampa,2013-01-01,4117,2819241,46,48,20,72,78,25,61,72,71,73,29,73,46,81,53,55,40,21,65,50,54,41,61,61
Tampa,2013-02-01,3635,2821907,46,44,17,71,73,25,67,73,77,75,23,74,41,82,60,61,49,7,69,46,54,41,56,62
Tampa,2013-03-01,4546,2824573,36,33,15,61,66,20,50,77,76,75,15,73,46,62,48,59,45,11,56,43,44,39,44,51
Tampa,2013-04-01,5040,2827240,41,47,24,69,74,25,59,74,74,75,22,76,44,74,52,64,55,13,66,49,51,38,51,61
Tampa,2013-05-01,5544,2829906,46,44,23,73,75,25,66,72,77,75,28,77,40,74,57,66,49,14,70,53,53,40,57,64
Tampa,2013-06-01,5305,2832572,44,43,21,72,79,24,68,76,78,78,27,78,42,74,61,68,57,10,81,56,46,44,59,76
Tampa,2013-07-01,5410,2835238,47,43,15,74,80,25,76,74,79,77,22,78,47,72,59,69,53,14,80,56,50,46,55,71
Tampa,2013-08-01,5158,2837904,45,41,15,69,77,24,73,74,76,77,24,78,47,81,53,57,50,7,80,58,76,46,57,67
Tampa,2013-09-01,4573,2840570,44,37,18,70,74,22,65,72,72,71,22,72,43,75,51,51,37,13,81,54,58,43,76,51
Tampa,2013-10-01,4669,2843237,42,38,10,67,73,22,62,72,73,71,25,75,40,66,51,49,39,21,74,55,59,45,63,52
Tampa,2013-11-01,3912,2845903,39,35,11,73,71,19,59,71,71,74,24,72,36,69,51,45,37,11,70,48,50,72,71,47
Tampa,2013-12-01,4628,2848569,41,31,10,71,71,19,51,71,73,74,21,73,42,63,53,48,40,33,61,44,43,70,71,51
Tampa,2014-01-01,3742,2851235,42,40,15,77,79,25,69,72,72,70,24,72,42,66,60,55,47,32,75,53,53,41,56,58
Tampa,2014-02-01,3968,2854337,51,37,11,78,79,25,73,77,80,79,22,79,43,75,63,61,48,34,74,51,52,41,54,63
Tampa,2014-03-01,4796,2857439,42,34,8,78,79,23,73,81,78,77,24,79,40,64,67,65,55,27,67,48,47,42,51,65
Tampa,2014-04-01,5401,2860541,43,37,12,74,79,24,79,76,78,81,19,78,36,66,59,61,53,41,75,53,50,41,53,67
Tampa,2014-05-01,5494,2863643,46,35,16,77,84,22,74,75,80,81,22,81,36,61,55,65,52,22,77,58,53,44,55,72
Tampa,2014-06-01,5654,2866745,51,41,17,80,83,25,88,77,82,84,29,83,41,69,59,73,59,24,82,60,47,45,58,84
Tampa,2014-07-01,5800,2869847,45,36,14,79,82,25,81,78,81,83,20,83,45,63,62,68,67,24,83,60,49,48,53,84
Tampa,2014-08-01,5692,2872948,46,38,14,73,78,21,81,76,78,79,32,80,43,60,52,58,60,24,80,57,72,48,55,74
Tampa,2014-09-01,5182,2876050,55,34,12,71,77,20,80,70,74,74,22,74,42,58,50,51,45,12,86,59,56,44,91,63
Tampa,2014-10-01,5656,2879152,52,34,14,69,77,19,71,73,74,75,23,75,37,52,47,46,41,13,89,53,56,45,70,55
Tampa,2014-11-01,4563,2882254,52,28,10,74,73,18,68,73,74,73,18,76,38,42,55,42,40,6,75,46,48,74,78,51
Tampa,2014-12-01,5984,2885356,55,30,12,74,72,18,64,71,73,75,15,71,37,47,59,45,38,10,64,44,42,72,69,51
Tampa,2015-01-01,4344,2888458,51,44,22,80,83,23,82,77,76,74,26,79,39,54,65,57,54,8,84,54,54,43,63,73
Tampa,2015-02-01,4484,2891729,56,40,15,78,80,23,81,78,81,79,25,79,43,53,65,63,56,7,76,50,55,43,60,69
Tampa,2015-03-01,6238,2895001,48,42,18,83,84,23,89,80,83,85,26,84,39,58,66,70,56,8,82,52,49,43,67,80
Tampa,2015-04-01,6526,2898272,46,38,19,82,86,22,91,79,83,85,30,84,39,56,65,64,51,6,79,52,49,46,65,78
Tampa,2015-05-01,6313,2901543,45,38,18,80,85,21,89,84,85,84,32,88,37,52,69,67,58,8,84,55,52,48,61,74
Tampa,2015-06-01,7307,2904815,49,40,20,80,85,21,95,80,86,85,28,86,44,50,74,69,62,11,91,56,44,47,67,86
Tampa,2015-07-01,6947,2908086,49,43,14,81,90,23,100,81,82,84,27,89,39,48,71,71,67,4,93,57,47,49,66,87
Tampa,2015-08-01,6222,2911357,46,42,13,78,86,22,98,81,86,85,41,86,40,54,63,56,50,10,96,57,74,47,63,72
Tampa,2015-09-01,6029,2914629,45,39,16,77,81,19,90,76,80,80,25,83,40,43,73,53,44,7,95,55,60,44,85,63
Tampa,2015-10-01,5807,2917900,45,37,14,74,82,20,88,78,83,83,23,81,38,46,65,53,44,7,91,49,57,47,70,59
Tampa,2015-11-01,5086,2921171,43,34,17,80,80,19,77,74,77,77,28,79,32,39,63,46,36,6,81,47,48,71,88,55
Tampa,2015-12-01,6069,2924443,49,33,15,76,78,19,72,71,76,78,17,77,34,39,64,49,36,7,76,42,40,70,85,54
Tampa,2016-01-01,4672,2927714,39,36,13,82,85,22,80,79,80,79,19,80,37,39,73,60,41,12,73,51,48,42,63,53
Tampa,2016-02-01,4806,2930985,39,35,17,80,86,23,77,88,85,86,28,84,39,34,77,68,43,8,72,46,48,40,59,58
Tampa,2016-03-01,6343,2934257,37,36,17,80,86,23,83,85,88,89,27,88,36,38,79,69,47,5,75,48,44,42,62,58
Tampa,2016-04-01,6261,2937528,36,35,20,79,88,21,84,84,87,84,19,86,36,32,69,70,43,5,70,49,46,40,64,56
Tampa,2016-05-01,6605,2940799,39,35,18,78,87,21,83,85,88,87,26,87,34,31,82,71,40,9,79,51,48,43,61,55
Tampa,2016-06-01,6806,2944071,38,34,20,76,87,21,82,84,88,88,31,85,38,25,82,71,35,8,82,52,45,50,64,59
Tampa,2016-07-01,6238,2947342,39,38,22,82,87,21,85,90,92,91,24,90,38,25,82,72,40,7,79,52,46,52,62,67
Tampa,2016-08-01,6310,2950613,39,35,23,72,84,18,82,83,83,82,19,81,40,32,76,57,34,6,86,52,67,44,62,52
Tampa,2016-09-01,5836,2953885,38,32,20,79,82,17,75,83,84,86,22,88,40,30,71,55,28,4,81,52,56,45,85,46
Tampa,2016-10-01,5760,2957156,39,29,20,76,81,17,74,80,82,84,24,83,36,29,73,53,27,6,77,48,52,45,69,48
Tampa,2016-11-01,5778,2960427,38,30,14,76,81,16,69,78,84,85,28,85,37,27,69,50,26,7,68,45,46,71,82,44
Tampa,2016-12-01,6685,2963699,40,32,15,78,81,15,67,80,88,88,24,87,37,25,82,49,28,4,67,42,40,73,89,41
Tampa,2017-01-01,5117,,39,37,14,82,88,19,86,80,84,85,28,85,39,26,89,61,36,8,82,51,49,47,72,54
Tampa,2017-02-01,5154,,40,37,14,79,85,21,91,87,89,90,27,90,39,30,80,66,36,6,78,47,49,48,66,58
Tampa,2017-03-01,6906,,37,38,17,80,86,20,90,90,97,95,29,96,48,26,97,74,41,9,78,47,45,49,66,63
Tampa,2017-04-01,6345,,37,36,14,83,86,19,95,87,91,92,30,90,39,28,93,69,34,6,82,49,48,50,73,57
Tampa,2017-05-01,7447,,41,38,19,82,87,19,89,88,98,99,28,99,41,25,90,70,35,4,93,53,52,49,69,59
Tampa,2017-06-01,7971,,44,37,21,86,91,18,92,86,94,95,26,93,48,29,100,73,41,7,95,56,41,51,69,57
Tampa,2017-07-01,6913,,42,35,20,86,90,19,92,90,96,97,28,98,51,28,91,73,42,5,90,51,47,55,69,64
Tampa,2017-08-01,6894,,45,33,18,81,87,18,88,85,93,93,30,94,46,29,80,61,33,3,100,56,70,53,69,52
Tampa,2017-09-01,5109,,44,33,11,91,85,14,72,71,78,81,22,82,39,20,88,86,23,8,74,44,49,57,75,61
Tampa,2017-10-01,6055,,43,34,14,79,79,17,87,82,93,90,30,89,43,28,78,60,28,8,84,49,53,52,74,48
Tampa,2017-11-01,5547,,44,31,13,85,81,16,76,81,89,87,38,90,43,23,78,51,23,7,83,45,45,78,92,42
Tampa,2017-12-01,,,45,29,14,80,80,15,74,81,88,88,26,85,42,26,79,52,22,4,74,42,40,77,95,39
