MSA,Date,zillowhousesales,Population,creditunion,mortgageloans,refinancing,home_homesforsale,realtorzillow,car_carsforsale,carloancalculator,dmv,autotrader,flight,hotel,unemploymentbenefits,job,schoolclinic,walmart,starbucksapple,tripadvisor_expedia
Charleston,2007-01,,616351,59,84,16,70,15,57,0,54,28,29,73,0,58,70,16,35,27
Charleston,2007-02,,617532,57,99,34,67,13,57,0,70,15,27,92,0,48,72,22,37,41
Charleston,2007-03,,618714,59,87,15,73,22,48,0,52,13,21,79,0,53,70,16,47,38
Charleston,2007-04,,619895,63,78,16,68,20,62,0,51,21,30,97,0,47,60,20,27,27
Charleston,2007-05,,621076,59,71,14,67,18,73,41,73,44,30,89,0,67,73,24,18,42
Charleston,2007-06,,622258,52,77,0,77,24,64,0,88,26,29,94,29,67,57,24,50,41
Charleston,2007-07,,623439,56,54,29,66,31,71,0,100,31,26,96,0,63,58,22,40,49
Charleston,2007-08,,624620,57,83,14,81,17,48,0,67,47,30,81,0,64,86,24,33,43
Charleston,2007-09,,625802,45,64,27,67,17,59,78,57,47,27,81,0,64,92,27,42,40
Charleston,2007-10,,626983,50,59,36,59,19,74,0,41,37,41,90,0,66,78,27,32,35
Charleston,2007-11,,628164,56,53,24,64,15,70,36,52,16,28,69,0,56,71,38,42,24
Charleston,2007-12,,629346,62,88,27,61,16,63,38,29,40,36,53,0,51,62,42,50,39
Charleston,2008-01,,630527,64,99,57,73,23,73,32,43,20,25,76,0,64,74,23,30,39
Charleston,2008-02,,630607,76,78,0,66,14,66,100,58,36,30,77,22,52,70,29,37,34
Charleston,2008-03,778,630687,58,74,46,69,25,81,33,43,25,46,83,0,68,66,25,43,51
Charleston,2008-04,825,630766,52,78,22,66,12,73,0,69,48,28,72,0,53,77,26,38,57
Charleston,2008-05,808,630846,56,61,34,64,33,75,64,44,39,42,91,21,61,70,29,42,47
Charleston,2008-06,834,630926,72,48,12,66,11,84,0,38,42,29,78,0,80,60,34,46,47
Charleston,2008-07,878,631006,70,59,11,73,14,73,64,65,63,30,89,21,72,59,33,48,63
Charleston,2008-08,705,631085,61,55,11,65,26,81,0,69,43,32,80,0,66,77,30,48,43
Charleston,2008-09,663,631165,58,58,20,62,11,65,30,62,27,40,63,0,70,84,29,48,52
Charleston,2008-10,624,631245,64,68,10,54,16,64,0,40,29,29,63,72,81,80,25,46,26
Charleston,2008-11,466,631325,53,49,11,61,15,62,31,35,51,25,66,61,65,63,46,59,18
Charleston,2008-12,500,631404,66,99,67,57,20,56,0,46,43,46,59,21,63,67,56,44,32
Charleston,2009-01,410,631484,71,82,52,75,26,65,0,43,27,45,68,58,100,78,27,36,35
Charleston,2009-02,391,632355,54,58,44,66,15,74,0,61,48,40,73,0,67,86,31,34,43
Charleston,2009-03,564,633225,70,87,40,60,17,83,56,58,30,37,76,0,80,77,27,38,36
Charleston,2009-04,537,634096,62,59,75,67,23,77,0,40,37,40,67,79,69,73,28,42,26
Charleston,2009-05,587,634966,70,73,21,67,30,78,30,42,37,40,83,60,69,63,27,35,29
Charleston,2009-06,730,635837,67,71,11,75,19,79,0,52,15,44,93,0,74,62,32,41,30
Charleston,2009-07,781,636707,60,57,22,71,14,86,32,29,48,51,84,21,76,60,29,42,44
Charleston,2009-08,723,637578,62,31,22,72,36,72,0,35,23,46,82,41,85,89,33,41,42
Charleston,2009-09,670,638448,60,40,11,64,23,66,30,41,32,45,76,19,67,83,29,50,36
Charleston,2009-10,703,639319,59,59,50,63,17,65,0,34,48,39,59,56,79,86,25,42,49
Charleston,2009-11,667,640189,40,52,11,64,27,64,30,52,32,35,57,78,71,89,44,38,36
Charleston,2009-12,819,641060,67,46,32,51,18,65,30,42,27,58,55,40,49,69,55,45,28
Charleston,2010-01,586,641930,51,39,20,73,26,66,0,60,30,34,69,18,77,84,33,69,29
Charleston,2010-02,590,643057,53,51,20,73,21,71,28,33,65,43,81,37,69,81,33,45,29
Charleston,2010-03,755,644184,57,55,19,66,22,70,0,50,57,47,73,35,71,79,29,44,37
Charleston,2010-04,806,645312,45,74,20,68,40,73,28,35,21,59,79,18,69,83,30,40,24
Charleston,2010-05,872,646439,54,67,11,65,16,84,89,39,59,53,72,39,90,83,30,48,41
Charleston,2010-06,959,647566,71,58,22,67,22,76,0,46,62,53,81,42,83,69,40,51,46
Charleston,2010-07,753,648693,100,71,73,72,15,71,30,48,45,53,82,98,85,62,33,53,41
Charleston,2010-08,752,649820,73,47,100,58,30,69,0,54,65,38,81,0,68,96,34,38,22
Charleston,2010-09,695,650947,49,40,19,67,23,67,28,37,55,41,69,55,75,85,25,43,55
Charleston,2010-10,673,652075,76,58,77,56,24,74,0,61,54,29,71,36,67,90,33,48,42
Charleston,2010-11,664,653202,71,48,28,58,28,65,0,40,53,37,64,18,81,70,53,55,46
Charleston,2010-12,724,654329,74,36,40,52,22,79,0,46,26,39,56,56,68,70,64,71,37
Charleston,2011-01,588,655456,65,56,29,72,33,64,9,56,71,47,57,18,77,88,35,56,48
Charleston,2011-02,598,656598,61,48,10,62,27,70,20,50,52,49,71,13,69,75,35,55,35
Charleston,2011-03,802,657740,54,56,13,65,33,70,18,52,49,37,69,0,72,75,33,63,56
Charleston,2011-04,712,658881,52,33,20,68,29,74,28,49,59,41,77,6,71,64,32,55,48
Charleston,2011-05,853,660023,56,44,16,65,22,80,37,50,58,46,75,24,71,74,32,54,48
Charleston,2011-06,863,661165,64,42,13,69,27,78,19,72,52,50,81,25,81,57,35,58,56
Charleston,2011-07,783,662307,55,54,22,70,28,75,18,62,74,43,79,0,68,63,47,56,51
Charleston,2011-08,865,663448,56,45,30,68,37,70,34,56,83,46,62,22,77,93,41,60,47
Charleston,2011-09,704,664590,56,55,48,66,27,68,9,43,50,47,62,6,75,79,39,56,49
Charleston,2011-10,669,665732,57,41,53,59,28,69,24,41,53,45,56,21,69,76,38,84,43
Charleston,2011-11,717,666874,60,50,37,66,29,64,16,52,62,38,47,11,61,69,63,81,39
Charleston,2011-12,647,668015,63,46,35,64,29,68,33,51,61,30,49,16,54,56,60,71,31
Charleston,2012-01,540,669157,59,48,34,70,35,69,22,66,80,36,57,15,67,73,39,61,47
Charleston,2012-02,576,670303,65,50,16,64,29,70,31,58,76,36,62,5,61,72,39,54,47
Charleston,2012-03,735,671448,56,54,13,65,33,69,38,45,60,43,62,25,62,73,37,66,69
Charleston,2012-04,789,672594,52,36,14,65,36,70,23,49,62,36,60,21,66,65,34,55,55
Charleston,2012-05,838,673739,47,48,37,69,40,75,45,54,74,47,66,0,77,76,35,55,66
Charleston,2012-06,892,674885,61,52,29,69,35,76,30,52,57,46,65,15,70,49,40,59,64
Charleston,2012-07,873,676031,55,59,32,72,37,72,42,53,72,44,70,9,65,61,38,62,73
Charleston,2012-08,1029,677176,48,51,28,68,36,66,35,59,77,39,59,5,71,85,41,65,62
Charleston,2012-09,771,678322,49,39,37,67,35,76,15,50,66,41,53,5,68,72,38,79,47
Charleston,2012-10,887,679467,48,41,15,61,34,65,0,55,48,39,50,5,63,77,39,74,59
Charleston,2012-11,784,680613,48,35,10,64,23,60,15,51,46,40,42,5,56,74,66,74,48
Charleston,2012-12,821,681758,56,53,34,71,32,60,29,37,58,41,44,14,51,63,65,87,47
Charleston,2013-01,774,682904,53,55,23,81,35,71,26,52,67,40,57,26,72,69,41,69,53
Charleston,2013-02,723,684102,52,47,19,76,37,65,27,41,66,43,57,18,58,71,33,65,69
Charleston,2013-03,869,685300,50,50,27,73,35,69,24,52,80,42,62,0,60,70,36,62,64
Charleston,2013-04,1039,686498,47,44,19,70,38,71,6,41,62,45,60,8,64,66,37,53,59
Charleston,2013-05,1148,687696,47,40,29,79,44,71,25,48,65,48,61,8,65,76,40,54,60
Charleston,2013-06,1135,688894,44,49,13,76,42,76,6,51,63,51,65,25,63,53,42,63,73
Charleston,2013-07,1301,690093,42,49,15,81,46,71,75,55,65,47,68,21,67,53,42,56,67
Charleston,2013-08,1263,691291,47,47,11,70,43,77,25,58,67,40,60,12,68,88,43,62,80
Charleston,2013-09,1047,692489,40,45,18,69,43,67,13,40,61,39,58,17,63,78,38,81,63
Charleston,2013-10,1155,693687,39,48,11,69,29,69,12,48,68,42,54,12,57,80,42,78,54
Charleston,2013-11,882,694885,52,33,7,70,37,69,19,37,62,40,43,13,56,68,63,81,45
Charleston,2013-12,931,696083,46,28,15,67,31,69,37,39,57,47,43,20,50,57,66,74,47
Charleston,2014-01,780,697281,49,38,13,79,41,69,21,52,65,51,54,41,67,77,36,62,59
Charleston,2014-02,739,698527,52,38,23,75,45,72,41,42,66,54,61,31,60,74,40,47,57
Charleston,2014-03,1030,699773,49,40,15,74,47,74,38,47,55,52,59,60,59,69,39,53,67
Charleston,2014-04,1071,701019,49,49,8,71,47,73,49,43,44,36,61,14,59,63,35,57,72
Charleston,2014-05,1269,702265,44,38,4,79,48,78,24,52,56,51,62,31,62,68,40,58,74
Charleston,2014-06,1349,703511,51,48,19,82,57,81,41,53,48,50,71,9,62,51,40,61,73
Charleston,2014-07,1319,704757,43,42,10,80,50,80,57,57,44,53,64,23,64,52,44,62,76
Charleston,2014-08,1356,706002,49,43,10,76,47,76,35,55,50,44,57,9,61,86,41,66,82
Charleston,2014-09,1196,707248,45,38,12,72,48,68,13,45,50,49,57,26,61,78,38,100,59
Charleston,2014-10,1223,708494,55,36,4,65,45,71,38,52,45,43,52,12,63,78,37,78,64
Charleston,2014-11,1020,709740,51,34,9,69,47,66,6,38,36,40,46,4,49,67,61,76,58
Charleston,2014-12,1132,710986,49,38,12,68,41,68,13,51,36,49,52,17,45,56,64,78,57
Charleston,2015-01,851,712232,50,53,9,79,53,69,20,42,43,52,54,13,61,74,38,63,68
Charleston,2015-02,840,713569,59,42,27,72,54,72,56,46,50,47,59,14,59,82,37,53,73
Charleston,2015-03,1490,714905,47,52,17,79,61,77,33,52,42,60,64,4,61,72,37,59,74
Charleston,2015-04,1394,716242,48,38,30,80,50,76,20,47,55,50,66,0,56,67,40,68,62
Charleston,2015-05,1438,717578,57,36,12,84,57,82,7,33,57,53,59,19,61,70,43,65,69
Charleston,2015-06,1633,718915,53,44,18,87,65,84,37,56,48,57,65,15,57,49,47,69,100
Charleston,2015-07,1663,720252,55,40,16,83,71,87,39,63,56,63,78,5,66,51,43,76,97
Charleston,2015-08,1307,721588,43,39,26,74,59,79,29,57,56,54,69,0,62,85,43,76,84
Charleston,2015-09,1636,722925,43,39,20,69,47,73,21,45,39,55,61,9,59,73,37,91,67
Charleston,2015-10,1377,724261,45,27,7,68,52,73,7,42,39,56,49,9,57,80,36,74,54
Charleston,2015-11,928,725598,43,36,15,76,40,72,7,36,35,53,51,14,51,67,64,92,57
Charleston,2015-12,1236,726934,43,31,12,73,45,79,20,43,28,55,47,9,44,53,66,84,41
Charleston,2016-01,888,728271,38,38,22,82,56,78,12,45,32,60,59,3,57,60,38,68,55
Charleston,2016-02,864,729608,39,42,22,80,54,94,37,55,37,60,63,14,52,62,43,60,53
Charleston,2016-03,1283,730944,35,43,19,77,55,88,39,51,29,62,70,13,54,54,38,65,58
Charleston,2016-04,1294,732281,32,46,35,83,57,91,21,49,35,59,67,8,52,54,38,59,57
Charleston,2016-05,1452,733617,37,37,20,84,57,89,29,44,26,69,69,8,57,59,44,66,64
Charleston,2016-06,1693,734954,36,40,30,82,65,89,38,54,28,70,75,19,57,44,49,67,63
Charleston,2016-07,1419,736291,38,43,36,89,54,96,28,58,24,69,80,11,52,50,49,61,65
Charleston,2016-08,1552,737627,38,32,22,81,61,87,33,54,27,67,64,14,57,79,43,66,71
Charleston,2016-09,1350,738964,41,34,10,76,45,84,24,52,24,65,61,3,53,65,46,83,49
Charleston,2016-10,1229,740300,35,29,15,73,42,84,25,48,16,63,87,14,46,60,47,74,57
Charleston,2016-11,1121,741637,37,35,21,75,48,76,23,44,21,66,56,5,47,52,71,86,43
Charleston,2016-12,1100,742973,32,31,21,79,37,84,19,44,24,58,50,7,44,47,75,89,44
Charleston,2017-01,1186,,34,41,11,80,59,80,11,55,22,72,63,9,54,60,42,70,53
Charleston,2017-02,1289,,35,39,16,81,59,87,30,50,23,62,66,5,49,61,41,71,52
Charleston,2017-03,1658,,38,42,18,81,68,87,17,54,29,77,72,7,53,60,47,68,59
Charleston,2017-04,1409,,39,36,20,80,65,100,25,50,21,78,75,7,51,53,44,75,60
Charleston,2017-05,1575,,36,32,29,80,61,95,43,53,33,80,73,5,56,60,48,72,59
Charleston,2017-06,1877,,37,37,14,85,66,91,29,56,26,83,77,7,59,44,53,70,61
Charleston,2017-07,1673,,41,41,24,86,67,100,33,60,20,74,82,7,54,48,56,65,62
Charleston,2017-08,1813,,43,36,12,84,65,94,23,60,21,71,67,11,57,79,51,75,58
Charleston,2017-09,1421,,36,26,10,77,51,84,38,47,23,68,82,7,47,61,48,81,49
Charleston,2017-10,1384,,36,33,16,75,51,79,16,48,27,63,63,11,51,63,48,80,40
Charleston,2017-11,1427,,37,31,22,79,53,80,24,42,17,68,52,2,48,53,71,90,47
Charleston,2017-12,,,39,31,20,82,51,82,21,52,19,67,50,4,43,48,77,97,41
Chattanooga,2007-01,,508031,31,64,13,68,15,56,0,30,29,21,81,0,45,48,31,42,39
Chattanooga,2007-02,,508389,37,46,29,78,22,67,0,14,38,32,66,27,48,56,22,35,35
Chattanooga,2007-03,,508747,29,70,26,78,20,73,0,32,29,37,75,25,48,58,23,29,42
Chattanooga,2007-04,,509105,41,63,0,81,25,57,0,19,29,27,72,25,50,58,27,32,36
Chattanooga,2007-05,,509463,20,72,13,76,18,71,0,26,11,31,75,0,47,59,35,26,45
Chattanooga,2007-06,,509821,22,44,14,84,25,76,78,30,47,34,96,0,50,48,36,41,17
Chattanooga,2007-07,,510179,40,63,26,84,16,75,0,40,22,25,80,0,45,56,30,42,34
Chattanooga,2007-08,,510537,35,76,0,64,16,79,0,21,56,23,80,0,64,76,29,38,29
Chattanooga,2007-09,,510895,38,49,25,70,13,66,35,22,79,29,71,0,47,70,30,31,12
Chattanooga,2007-10,,511253,25,46,12,65,23,56,0,9,55,26,61,22,48,65,29,47,22
Chattanooga,2007-11,,511611,36,68,23,73,16,65,0,9,44,24,60,0,41,71,53,47,16
Chattanooga,2007-12,,511969,19,50,13,71,8,68,0,23,16,27,59,24,43,56,56,38,21
Chattanooga,2008-01,,512327,24,75,43,86,20,57,62,19,46,32,61,20,56,67,33,48,42
Chattanooga,2008-02,,512526,35,50,45,74,32,69,32,15,39,32,77,0,45,62,26,37,43
Chattanooga,2008-03,741,512726,35,87,22,77,23,77,61,17,33,35,65,0,50,72,28,39,37
Chattanooga,2008-04,624,512925,35,47,20,78,17,75,29,26,47,28,69,0,62,73,27,38,34
Chattanooga,2008-05,738,513124,41,49,21,85,33,70,0,14,27,24,75,0,63,57,33,31,43
Chattanooga,2008-06,688,513323,47,55,34,76,15,87,32,18,39,31,77,21,76,47,34,36,41
Chattanooga,2008-07,775,513523,35,57,10,78,32,71,0,31,49,30,73,19,67,54,39,45,40
Chattanooga,2008-08,730,513722,43,52,10,76,18,58,0,32,21,22,60,19,69,75,33,50,36
Chattanooga,2008-09,656,513921,38,50,9,69,25,55,0,43,45,25,59,36,69,70,38,65,32
Chattanooga,2008-10,637,514120,39,53,17,68,15,50,0,23,15,32,59,16,64,67,31,57,36
Chattanooga,2008-11,449,514320,40,53,0,78,12,66,0,13,34,32,50,36,70,58,63,47,28
Chattanooga,2008-12,487,514519,37,67,56,65,13,75,27,24,57,20,58,35,64,52,67,42,32
Chattanooga,2009-01,320,514718,38,100,69,75,24,69,50,19,56,43,55,65,73,61,35,37,46
Chattanooga,2009-02,353,515016,41,94,27,89,17,62,0,27,70,40,64,85,68,64,32,26,31
Chattanooga,2009-03,437,515313,34,84,49,83,29,63,24,28,50,40,73,31,61,68,36,27,20
Chattanooga,2009-04,410,515611,44,78,78,87,17,71,50,22,45,38,64,16,69,61,31,29,25
Chattanooga,2009-05,461,515908,30,43,18,76,28,76,26,25,74,43,73,51,70,66,35,37,28
Chattanooga,2009-06,533,516206,48,54,19,71,24,89,27,22,56,43,90,52,67,47,31,33,38
Chattanooga,2009-07,596,516503,49,66,35,75,31,83,0,33,26,38,88,66,70,58,37,37,38
Chattanooga,2009-08,525,516801,40,49,17,79,25,73,24,23,33,27,61,95,65,80,33,38,37
Chattanooga,2009-09,514,517098,41,55,24,78,16,72,23,22,52,37,52,30,69,78,38,41,20
Chattanooga,2009-10,551,517396,37,55,16,87,12,58,46,13,58,41,65,45,59,64,39,46,25
Chattanooga,2009-11,548,517693,45,64,25,80,25,55,23,11,14,30,52,15,57,69,71,43,22
Chattanooga,2009-12,532,517991,47,56,16,78,15,59,0,13,42,38,54,46,52,58,76,58,25
Chattanooga,2010-01,282,518288,33,44,30,83,20,71,0,16,45,39,61,28,68,70,40,52,31
Chattanooga,2010-02,396,518740,43,48,8,75,21,65,22,16,38,43,66,44,67,68,34,40,44
Chattanooga,2010-03,588,519192,42,62,14,77,18,72,41,20,43,40,72,41,60,73,42,35,22
Chattanooga,2010-04,585,519644,41,59,40,92,26,72,0,19,79,39,65,60,76,65,38,32,23
Chattanooga,2010-05,693,520096,31,63,0,87,20,68,74,17,68,37,82,97,69,69,37,35,23
Chattanooga,2010-06,708,520548,41,66,36,80,22,83,0,25,35,40,86,67,76,47,40,51,35
Chattanooga,2010-07,528,521000,53,52,9,77,20,80,74,24,60,39,88,16,70,59,36,41,44
Chattanooga,2010-08,497,521451,60,70,25,73,23,71,24,37,74,38,62,79,77,84,39,42,30
Chattanooga,2010-09,486,521903,50,55,24,69,15,70,0,23,49,40,51,61,64,72,41,60,30
Chattanooga,2010-10,459,522355,46,41,25,65,24,59,24,21,94,34,46,15,58,69,44,62,38
Chattanooga,2010-11,388,522807,43,54,41,70,15,63,47,26,67,36,43,61,61,69,67,69,16
Chattanooga,2010-12,443,523259,40,43,25,76,16,76,0,13,69,40,46,16,52,63,74,63,22
Chattanooga,2011-01,336,523711,38,45,30,80,25,69,43,24,67,38,50,28,67,64,47,45,31
Chattanooga,2011-02,419,524124,53,42,24,90,21,64,45,17,92,38,56,60,65,62,44,45,38
Chattanooga,2011-03,542,524537,33,43,25,71,24,72,31,30,78,37,66,27,66,58,37,55,33
Chattanooga,2011-04,517,524950,31,36,16,70,28,67,22,26,83,41,57,15,63,58,38,48,34
Chattanooga,2011-05,548,525363,54,38,11,77,27,72,33,29,82,45,68,7,73,58,42,43,44
Chattanooga,2011-06,651,525776,44,47,4,82,33,72,11,25,73,52,78,49,72,40,43,42,38
Chattanooga,2011-07,582,526189,46,40,23,83,32,70,43,35,75,44,75,14,72,54,48,48,48
Chattanooga,2011-08,634,526602,44,48,20,77,32,72,10,34,85,42,52,0,73,76,44,51,41
Chattanooga,2011-09,593,527015,46,39,27,75,28,63,29,23,98,38,45,31,68,70,44,67,28
Chattanooga,2011-10,517,527428,43,42,33,70,30,66,19,17,79,41,52,18,62,66,50,97,32
Chattanooga,2011-11,491,527841,42,57,32,75,38,59,0,18,69,24,41,12,56,58,85,62,32
Chattanooga,2011-12,587,528254,46,31,22,72,26,67,37,24,74,35,39,6,53,50,80,68,35
Chattanooga,2012-01,405,528667,50,54,21,78,30,68,25,32,88,34,50,27,69,58,52,51,41
Chattanooga,2012-02,442,529044,45,55,53,81,35,68,25,24,96,37,49,16,56,61,47,52,35
Chattanooga,2012-03,520,529420,48,53,18,79,32,72,25,22,77,36,58,16,59,57,44,56,37
Chattanooga,2012-04,651,529797,45,38,12,81,21,72,8,19,81,36,51,17,63,54,43,48,29
Chattanooga,2012-05,782,530174,49,39,43,77,36,82,15,25,87,37,59,30,69,62,43,42,37
Chattanooga,2012-06,772,530550,42,60,30,78,42,75,26,22,71,43,65,17,66,37,47,59,65
Chattanooga,2012-07,770,530927,46,42,41,75,32,75,25,25,74,35,60,11,71,50,51,47,42
Chattanooga,2012-08,866,531304,45,46,33,74,30,68,8,25,62,33,54,21,64,74,45,53,47
Chattanooga,2012-09,629,531680,37,42,26,70,26,70,24,22,79,29,47,32,58,62,49,92,44
Chattanooga,2012-10,725,532057,50,42,34,68,25,66,15,21,73,29,37,34,57,63,48,81,38
Chattanooga,2012-11,707,532434,39,33,18,69,32,60,37,21,67,25,35,24,56,56,81,71,28
Chattanooga,2012-12,644,532810,49,26,19,77,24,56,15,21,80,35,34,15,47,53,78,68,31
Chattanooga,2013-01,624,533187,43,45,20,85,29,67,14,23,82,34,46,23,65,65,44,58,40
Chattanooga,2013-02,553,533538,48,44,18,72,26,67,43,24,92,29,46,14,59,57,43,45,46
Chattanooga,2013-03,681,533889,35,38,10,76,32,71,14,20,92,28,55,18,58,56,45,46,46
Chattanooga,2013-04,882,534240,37,46,29,77,36,65,7,27,74,31,47,41,58,56,43,44,42
Chattanooga,2013-05,851,534590,45,48,10,82,43,71,15,23,86,34,52,10,61,58,47,49,50
Chattanooga,2013-06,764,534941,40,39,24,84,45,74,23,24,94,35,67,10,64,37,56,44,54
Chattanooga,2013-07,842,535292,39,45,19,78,48,73,33,28,78,37,52,17,60,46,47,40,41
Chattanooga,2013-08,817,535643,43,32,15,82,53,68,77,23,100,32,51,5,70,72,51,55,47
Chattanooga,2013-09,743,535994,41,33,17,74,39,73,7,26,75,34,43,13,62,66,47,77,33
Chattanooga,2013-10,779,536345,36,38,5,73,33,63,48,26,62,33,41,23,60,59,47,77,40
Chattanooga,2013-11,680,536695,39,36,7,74,29,66,14,19,60,32,35,9,56,56,83,63,27
Chattanooga,2013-12,730,537046,46,28,14,74,34,69,13,18,71,28,30,26,47,47,85,63,30
Chattanooga,2014-01,599,537397,44,42,17,85,41,70,6,25,62,34,41,31,62,65,45,49,42
Chattanooga,2014-02,599,537708,46,35,25,80,35,77,0,30,76,37,44,51,55,54,49,44,46
Chattanooga,2014-03,782,538018,40,27,4,84,47,74,31,23,67,39,52,32,55,53,45,45,41
Chattanooga,2014-04,780,538329,39,30,7,88,40,73,19,22,63,37,47,41,60,52,44,43,36
Chattanooga,2014-05,870,538639,38,31,17,83,47,67,0,19,58,35,57,31,62,57,49,56,49
Chattanooga,2014-06,902,538950,45,37,5,88,60,81,23,28,73,37,65,25,61,38,49,47,69
Chattanooga,2014-07,962,539261,39,38,10,88,61,83,37,21,82,43,63,29,65,52,49,57,75
Chattanooga,2014-08,756,539571,39,33,18,81,49,74,14,27,64,30,48,38,59,71,51,56,50
Chattanooga,2014-09,865,539882,34,34,25,78,42,68,14,22,51,35,42,23,62,67,47,89,49
Chattanooga,2014-10,942,540192,36,32,7,77,45,69,27,23,50,33,47,9,59,56,53,79,39
Chattanooga,2014-11,739,540503,41,28,15,80,43,74,21,22,43,28,36,0,53,51,91,68,37
Chattanooga,2014-12,831,540813,44,25,20,73,36,64,7,21,54,30,38,0,47,46,83,60,33
Chattanooga,2015-01,666,541124,42,41,30,90,58,71,28,20,56,41,48,19,60,58,50,56,43
Chattanooga,2015-02,657,541407,41,41,18,76,51,73,45,30,73,39,45,0,53,64,49,52,45
Chattanooga,2015-03,902,541690,40,39,5,88,63,79,7,23,68,45,53,14,56,59,43,55,56
Chattanooga,2015-04,807,541974,42,42,13,90,63,79,51,22,66,36,43,5,67,57,48,58,51
Chattanooga,2015-05,614,542257,41,32,16,91,63,89,23,26,65,40,53,0,66,57,55,60,60
Chattanooga,2015-06,1022,542540,41,41,16,94,60,90,8,25,53,49,65,0,59,40,53,57,68
Chattanooga,2015-07,920,542823,39,35,10,90,72,83,42,27,53,44,63,14,63,47,59,55,66
Chattanooga,2015-08,856,543106,43,35,19,86,73,80,13,27,49,37,48,13,63,71,55,54,50
Chattanooga,2015-09,922,543389,41,30,7,78,52,76,25,21,38,38,47,12,56,67,51,81,51
Chattanooga,2015-10,902,543673,41,27,15,78,57,71,12,30,48,41,44,20,53,58,53,74,32
Chattanooga,2015-11,713,543956,40,25,19,75,46,73,6,22,47,42,38,12,50,51,84,82,33
Chattanooga,2015-12,903,544239,39,32,17,79,46,70,42,25,39,42,37,20,48,45,80,66,31
Chattanooga,2016-01,669,544522,40,35,13,87,57,80,9,23,41,46,44,6,60,66,49,55,34
Chattanooga,2016-02,672,544805,38,30,28,86,50,80,28,29,33,41,54,3,54,64,49,51,40
Chattanooga,2016-03,854,545088,40,32,11,87,60,86,13,27,38,50,58,3,55,53,50,53,44
Chattanooga,2016-04,920,545371,33,29,15,86,57,80,18,28,29,37,54,3,51,53,46,56,32
Chattanooga,2016-05,903,545655,39,25,13,88,64,87,32,25,33,43,61,6,58,52,58,53,38
Chattanooga,2016-06,1149,545938,45,37,17,96,63,83,10,38,33,48,75,3,61,34,62,53,41
Chattanooga,2016-07,997,546221,40,33,18,89,71,90,28,27,26,45,72,6,59,47,65,54,46
Chattanooga,2016-08,1052,546504,37,38,8,85,61,79,18,30,36,47,53,3,62,73,56,59,38
Chattanooga,2016-09,1015,546787,39,27,14,79,52,85,17,30,27,40,50,0,52,64,53,79,29
Chattanooga,2016-10,962,547070,38,26,15,79,44,75,30,31,29,43,50,6,50,56,53,80,28
Chattanooga,2016-11,847,547354,38,28,13,77,42,72,33,24,23,44,42,11,46,58,93,75,24
Chattanooga,2016-12,928,547637,40,21,14,82,49,79,16,24,34,46,44,13,45,43,87,78,22
Chattanooga,2017-01,635,,33,30,16,86,62,77,38,26,28,48,50,2,57,56,55,62,30
Chattanooga,2017-02,715,,35,35,13,79,62,82,25,29,26,42,54,8,53,56,56,60,35
Chattanooga,2017-03,947,,36,29,17,86,66,86,29,37,26,50,60,2,52,55,56,62,43
Chattanooga,2017-04,853,,39,28,14,88,65,84,24,28,29,53,50,3,54,52,58,63,34
Chattanooga,2017-05,927,,39,36,9,87,73,92,32,28,25,56,66,5,59,55,62,60,34
Chattanooga,2017-06,1027,,39,33,18,93,67,94,51,37,26,58,68,8,62,35,63,63,52
Chattanooga,2017-07,859,,42,37,15,100,70,99,38,38,32,48,70,3,57,47,64,64,49
Chattanooga,2017-08,1027,,40,27,15,85,65,87,15,35,17,44,49,5,57,66,66,63,30
Chattanooga,2017-09,864,,38,24,15,82,55,80,23,26,29,42,48,5,52,63,60,74,35
Chattanooga,2017-10,942,,42,27,13,85,53,80,22,24,25,45,51,5,51,55,62,80,35
Chattanooga,2017-11,815,,38,25,10,89,52,74,19,27,22,43,38,2,53,51,100,92,20
Chattanooga,2017-12,,,41,22,13,87,44,76,26,26,26,51,40,12,46,43,91,95,29
Knoxville,2007-01,,669962,55,58,11,70,24,69,62,19,24,20,67,0,38,60,27,48,19
Knoxville,2007-02,,670836,47,55,23,71,17,60,0,9,5,34,64,0,48,64,19,38,22
Knoxville,2007-03,,671709,52,64,22,75,23,71,0,32,14,28,77,0,47,58,21,25,42
Knoxville,2007-04,,672583,65,65,32,67,18,62,0,25,23,26,78,0,50,70,18,43,31
Knoxville,2007-05,,673456,61,51,31,72,22,61,0,14,18,32,77,0,49,59,23,33,28
Knoxville,2007-06,,674330,64,70,34,73,14,77,0,29,20,34,100,22,53,50,33,46,19
Knoxville,2007-07,,675203,70,92,53,86,18,68,30,23,14,33,92,0,49,54,38,47,41
Knoxville,2007-08,,676077,48,83,19,67,15,63,27,15,28,22,93,18,47,77,29,44,37
Knoxville,2007-09,,676950,52,50,38,65,19,56,0,21,29,27,56,36,42,71,29,34,32
Knoxville,2007-10,,677824,61,52,0,67,15,53,25,10,30,23,63,16,47,68,28,42,44
Knoxville,2007-11,,678697,60,37,17,72,14,54,0,17,22,21,57,16,37,65,50,48,19
Knoxville,2007-12,,679571,54,39,10,60,12,65,0,13,4,36,60,0,44,51,57,47,14
Knoxville,2008-01,,680444,66,77,42,80,13,73,47,20,36,30,69,0,50,65,29,43,32
Knoxville,2008-02,,680459,64,65,0,71,15,57,0,23,33,26,64,16,54,68,30,38,53
Knoxville,2008-03,1097,680475,71,86,17,71,22,66,0,21,32,21,73,0,52,65,27,38,40
Knoxville,2008-04,1186,680490,74,77,16,75,18,75,0,32,30,23,69,15,57,72,28,29,34
Knoxville,2008-05,1276,680506,88,47,26,76,13,74,0,15,22,30,68,0,56,58,30,36,33
Knoxville,2008-06,1233,680521,70,57,19,76,19,72,0,24,16,26,84,0,67,45,33,31,38
Knoxville,2008-07,1188,680537,73,59,0,74,25,70,0,21,41,30,89,16,63,54,38,59,38
Knoxville,2008-08,1137,680552,59,50,17,75,17,65,25,14,33,35,63,16,61,78,35,48,31
Knoxville,2008-09,1007,680567,60,50,8,72,19,57,0,14,23,34,67,15,58,76,30,43,30
Knoxville,2008-10,964,680583,67,48,0,70,13,58,40,25,9,26,61,0,57,71,26,56,40
Knoxville,2008-11,665,680598,55,38,8,61,7,58,0,17,27,26,59,29,63,61,52,49,23
Knoxville,2008-12,720,680614,95,82,54,73,14,59,22,9,30,30,42,44,49,60,61,45,34
Knoxville,2009-01,613,680629,85,74,92,80,19,60,0,25,36,32,64,93,76,73,38,43,39
Knoxville,2009-02,663,681038,77,76,37,74,16,74,21,19,35,37,54,84,65,76,31,41,38
Knoxville,2009-03,830,681447,64,80,41,70,22,71,20,27,39,38,70,52,61,67,34,42,35
Knoxville,2009-04,887,681856,64,66,71,74,16,70,0,24,27,34,64,53,55,70,27,35,31
Knoxville,2009-05,959,682264,60,63,15,83,15,83,22,12,29,33,66,43,62,74,32,36,35
Knoxville,2009-06,1113,682673,90,49,8,75,20,77,0,25,29,45,85,16,64,46,35,37,22
Knoxville,2009-07,1137,683082,83,66,16,82,26,73,23,23,32,39,81,46,72,55,33,41,36
Knoxville,2009-08,1061,683491,79,52,31,76,31,74,0,27,53,44,59,42,65,82,34,45,22
Knoxville,2009-09,1041,683900,78,53,21,76,20,66,20,22,21,37,60,54,63,86,36,42,29
Knoxville,2009-10,1098,684309,70,55,28,77,22,59,20,18,18,27,62,0,55,80,33,41,22
Knoxville,2009-11,1048,684717,75,51,0,68,21,75,20,20,61,40,38,53,55,72,66,52,22
Knoxville,2009-12,961,685126,83,43,22,71,24,71,0,16,32,39,59,14,51,62,61,37,29
Knoxville,2010-01,703,685535,75,53,36,75,19,66,20,22,43,46,59,27,71,81,35,54,24
Knoxville,2010-02,688,686141,74,67,22,75,16,77,0,15,25,35,77,0,61,88,34,30,31
Knoxville,2010-03,1044,686746,62,70,14,79,23,81,0,24,47,34,71,88,63,79,36,38,20
Knoxville,2010-04,1129,687352,73,44,7,77,23,65,0,22,38,44,61,56,62,67,29,35,18
Knoxville,2010-05,1126,687958,81,48,8,79,19,75,22,26,31,45,79,30,62,70,33,52,35
Knoxville,2010-06,1219,688563,93,66,17,74,16,81,0,26,34,49,77,99,71,52,31,54,28
Knoxville,2010-07,900,689169,86,74,0,80,22,67,0,16,40,43,99,46,59,52,37,41,45
Knoxville,2010-08,952,689775,78,85,45,83,17,65,64,24,46,37,70,42,64,100,36,32,37
Knoxville,2010-09,676,690380,73,39,45,70,17,61,64,23,42,34,57,42,61,85,34,49,29
Knoxville,2010-10,781,690986,81,53,22,68,25,74,0,16,38,29,63,0,64,74,39,54,39
Knoxville,2010-11,809,691592,75,42,22,71,27,71,0,24,22,31,48,40,54,79,62,60,33
Knoxville,2010-12,746,692197,87,32,31,68,19,65,22,20,47,44,47,73,45,69,65,57,21
Knoxville,2011-01,646,692803,74,48,20,71,24,64,21,19,69,40,55,46,64,83,43,41,34
Knoxville,2011-02,625,693328,85,34,16,77,22,74,30,23,55,51,60,25,62,67,43,49,37
Knoxville,2011-03,781,693852,71,48,7,74,26,67,35,24,63,40,60,14,66,63,38,55,48
Knoxville,2011-04,749,694377,69,42,13,74,26,64,22,21,64,37,55,19,64,64,35,50,27
Knoxville,2011-05,978,694901,68,47,18,79,22,92,35,21,57,44,70,0,69,63,40,52,33
Knoxville,2011-06,891,695426,76,43,8,77,33,77,8,24,64,54,80,25,68,48,44,55,53
Knoxville,2011-07,839,695950,71,52,15,85,33,75,29,24,60,43,82,29,67,54,43,57,47
Knoxville,2011-08,1014,696475,82,53,15,80,28,74,6,31,63,47,57,29,67,83,42,54,38
Knoxville,2011-09,876,696999,73,45,30,77,23,70,45,24,69,42,53,30,63,72,42,57,33
Knoxville,2011-10,855,697524,77,44,26,74,24,68,6,18,67,32,47,28,56,67,48,91,33
Knoxville,2011-11,757,698048,81,43,13,70,23,68,30,18,55,29,41,16,52,63,84,62,20
Knoxville,2011-12,811,698573,80,42,19,72,31,67,12,16,64,33,39,20,46,56,72,64,28
Knoxville,2012-01,657,699097,72,44,33,89,33,65,11,14,68,45,50,29,59,69,47,63,55
Knoxville,2012-02,713,711111,71,48,24,75,33,67,32,18,71,42,57,11,52,62,41,53,51
Knoxville,2012-03,887,723126,73,42,14,71,33,68,34,24,46,37,54,18,52,60,42,63,39
Knoxville,2012-04,951,735140,84,45,18,75,37,69,23,18,72,33,47,4,57,57,40,49,39
Knoxville,2012-05,1030,747154,70,47,26,77,39,83,11,22,45,39,63,34,57,64,44,53,53
Knoxville,2012-06,1012,759168,76,50,22,84,29,81,41,26,42,46,69,35,56,45,51,57,57
Knoxville,2012-07,609,771183,74,52,30,78,35,76,5,26,57,38,64,11,58,51,43,59,53
Knoxville,2012-08,771,783197,70,40,24,80,30,69,28,19,62,37,54,22,59,83,43,58,45
Knoxville,2012-09,580,795211,65,42,24,75,29,67,17,21,58,30,45,0,59,72,43,89,45
Knoxville,2012-10,665,807225,68,41,27,73,24,60,15,26,57,35,44,10,55,67,46,76,39
Knoxville,2012-11,857,819240,70,36,24,74,23,64,16,15,60,27,35,18,49,63,81,74,39
Knoxville,2012-12,882,831254,69,33,14,77,26,58,11,15,49,25,34,7,42,63,78,82,31
Knoxville,2013-01,748,843268,67,46,21,88,29,64,24,18,51,35,44,26,56,71,44,55,43
Knoxville,2013-02,758,843643,71,41,24,84,36,66,20,21,58,36,48,13,56,64,43,56,48
Knoxville,2013-03,851,844018,69,44,11,81,39,64,31,22,55,35,55,18,51,65,43,50,52
Knoxville,2013-04,1031,844392,63,39,22,80,37,65,14,20,47,30,52,16,60,62,40,49,47
Knoxville,2013-05,1150,844767,70,48,16,90,40,74,40,19,72,39,55,27,57,60,45,52,50
Knoxville,2013-06,1273,845142,76,41,17,90,42,71,26,20,76,40,66,24,59,42,47,56,60
Knoxville,2013-07,1292,845517,90,35,13,87,37,77,23,38,56,28,58,19,59,46,46,49,45
Knoxville,2013-08,1216,845891,71,42,10,83,48,75,13,31,56,34,49,22,64,77,50,57,49
Knoxville,2013-09,1110,846266,71,35,6,81,46,63,28,21,57,36,46,6,61,70,48,89,45
Knoxville,2013-10,1080,846641,81,25,7,79,26,68,21,29,53,26,42,24,56,61,47,64,29
Knoxville,2013-11,982,847016,61,24,7,77,38,65,5,12,51,30,34,9,52,64,82,78,45
Knoxville,2013-12,916,847390,74,26,8,84,32,70,30,22,53,28,38,12,45,51,80,71,41
Knoxville,2014-01,719,847765,64,44,6,90,44,71,25,27,65,37,45,47,59,83,45,65,52
Knoxville,2014-02,704,848131,83,39,9,90,45,75,21,24,64,40,46,28,50,66,44,54,48
Knoxville,2014-03,1098,848497,69,33,13,92,53,75,20,22,50,41,52,32,57,59,44,52,49
Knoxville,2014-04,1053,848864,67,31,11,87,49,70,36,25,52,38,51,29,57,60,40,51,44
Knoxville,2014-05,1268,849230,67,38,8,91,42,75,38,23,56,37,57,16,57,60,46,57,65
Knoxville,2014-06,1221,849596,63,33,4,95,52,74,11,19,64,40,67,26,65,40,47,60,72
Knoxville,2014-07,1405,849962,62,37,13,98,65,81,37,20,60,45,62,32,58,53,51,55,71
Knoxville,2014-08,1198,850328,69,34,15,86,53,76,26,24,51,31,49,3,57,75,49,67,66
Knoxville,2014-09,1100,850694,68,29,21,84,40,72,41,17,43,31,43,17,53,68,46,100,53
Knoxville,2014-10,1106,851061,69,34,7,81,48,69,19,20,40,33,45,13,49,62,46,77,46
Knoxville,2014-11,948,851427,57,29,5,84,36,68,29,19,49,27,39,13,49,60,84,79,33
Knoxville,2014-12,1140,851793,65,25,12,83,41,69,9,21,43,36,42,6,47,53,72,72,40
Knoxville,2015-01,777,852159,56,42,25,89,54,69,18,18,46,37,45,9,57,70,45,53,57
Knoxville,2015-02,792,852572,62,35,18,87,58,69,15,20,45,39,46,13,51,82,47,56,54
Knoxville,2015-03,1303,852984,63,48,19,90,59,78,19,24,47,43,52,3,60,66,43,65,52
Knoxville,2015-04,1191,853397,64,44,14,96,62,80,20,26,45,35,51,0,60,64,46,65,62
Knoxville,2015-05,1340,853810,63,38,22,97,64,81,37,30,47,41,61,14,50,60,48,67,71
Knoxville,2015-06,1607,854222,64,42,16,91,75,82,17,23,40,45,66,7,60,42,52,67,71
Knoxville,2015-07,1573,854635,70,33,11,99,68,74,16,23,33,41,68,14,56,56,56,65,75
Knoxville,2015-08,1452,855048,59,35,14,90,76,75,40,24,36,40,49,3,57,80,50,69,50
Knoxville,2015-09,1264,855460,55,32,10,83,61,73,29,23,33,38,42,6,53,67,46,84,58
Knoxville,2015-10,1274,855873,55,32,13,81,53,65,23,26,27,37,44,0,49,61,50,79,51
Knoxville,2015-11,894,856286,58,31,10,82,46,67,18,23,32,31,38,3,45,57,83,81,37
Knoxville,2015-12,1353,856698,66,23,6,84,43,74,23,20,28,40,40,12,45,48,77,77,38
Knoxville,2016-01,864,857111,56,34,15,95,54,74,27,21,28,41,45,12,55,69,46,61,38
Knoxville,2016-02,1037,857524,64,33,9,89,50,80,22,26,34,37,51,6,52,80,45,63,38
Knoxville,2016-03,1243,857936,61,36,24,93,53,94,23,22,27,48,72,8,55,52,45,62,45
Knoxville,2016-04,1122,858349,59,34,21,88,67,81,22,19,23,36,54,4,50,56,48,61,36
Knoxville,2016-05,1601,858762,63,31,20,98,63,88,15,29,37,46,63,4,55,54,49,60,50
Knoxville,2016-06,1720,859174,62,36,19,97,69,86,16,32,21,48,77,4,52,37,59,63,59
Knoxville,2016-07,1626,859587,56,36,19,95,63,84,18,28,22,46,69,6,51,51,60,66,60
Knoxville,2016-08,1546,860000,64,30,16,84,53,79,37,27,23,39,53,2,54,72,50,63,43
Knoxville,2016-09,1441,860412,58,29,8,82,55,77,41,23,24,38,46,2,50,61,54,86,39
Knoxville,2016-10,881,860825,58,26,12,83,46,72,20,24,26,40,54,2,49,55,56,77,36
Knoxville,2016-11,997,861238,56,25,8,81,44,70,17,23,19,35,43,6,44,56,83,82,28
Knoxville,2016-12,1192,861650,62,26,10,89,44,76,37,19,15,39,41,8,42,46,83,85,26
Knoxville,2017-01,962,,58,34,12,94,63,77,19,29,21,50,45,5,55,70,50,67,38
Knoxville,2017-02,1005,,66,31,16,93,72,80,42,33,25,44,51,2,52,60,52,62,44
Knoxville,2017-03,1473,,60,36,14,94,66,80,28,29,19,46,60,3,52,55,52,70,45
Knoxville,2017-04,1360,,62,31,11,97,71,82,16,25,26,49,53,5,48,54,57,70,35
Knoxville,2017-05,1725,,58,34,15,96,65,87,23,31,21,54,64,4,56,53,59,64,44
Knoxville,2017-06,1686,,62,33,16,98,67,92,17,38,22,56,73,0,57,35,61,67,47
Knoxville,2017-07,1594,,69,31,15,100,71,97,28,32,27,45,69,2,55,51,66,76,57
Knoxville,2017-08,1633,,66,32,10,90,69,86,30,23,24,47,50,8,55,71,57,70,46
Knoxville,2017-09,1359,,61,29,13,88,58,79,18,25,22,40,50,2,49,60,57,88,34
Knoxville,2017-10,1487,,62,32,14,89,59,80,25,26,19,38,53,7,49,51,58,87,37
Knoxville,2017-11,866,,55,28,15,94,58,72,25,22,18,39,40,13,45,49,94,95,30
Knoxville,2017-12,,,64,27,8,96,50,78,18,22,17,40,43,5,43,45,92,99,25
Lakeland,2007-01,,574746,,,,,,,,,,,,,,,,,
Lakeland,2007-02,,575233,,,,,,,,,,,,,,,,,
Lakeland,2007-03,,575721,,,,,,,,,,,,,,,,,
Lakeland,2007-04,,576208,,,,,,,,,,,,,,,,,
Lakeland,2007-05,,576695,,,,,,,,,,,,,,,,,
Lakeland,2007-06,,577183,,,,,,,,,,,,,,,,,
Lakeland,2007-07,,577670,,,,,,,,,,,,,,,,,
Lakeland,2007-08,,578157,,,,,,,,,,,,,,,,,
Lakeland,2007-09,,578645,,,,,,,,,,,,,,,,,
Lakeland,2007-10,,579132,,,,,,,,,,,,,,,,,
Lakeland,2007-11,,579619,,,,,,,,,,,,,,,,,
Lakeland,2007-12,,580107,,,,,,,,,,,,,,,,,
Lakeland,2008-01,,580594,,,,,,,,,,,,,,,,,
Lakeland,2008-02,,579433,,,,,,,,,,,,,,,,,
Lakeland,2008-03,531,578271,,,,,,,,,,,,,,,,,
Lakeland,2008-04,505,577110,,,,,,,,,,,,,,,,,
Lakeland,2008-05,541,575948,,,,,,,,,,,,,,,,,
Lakeland,2008-06,610,574787,,,,,,,,,,,,,,,,,
Lakeland,2008-07,599,573626,,,,,,,,,,,,,,,,,
Lakeland,2008-08,498,572464,,,,,,,,,,,,,,,,,
Lakeland,2008-09,572,571303,,,,,,,,,,,,,,,,,
Lakeland,2008-10,514,570141,,,,,,,,,,,,,,,,,
Lakeland,2008-11,373,568980,,,,,,,,,,,,,,,,,
Lakeland,2008-12,513,567818,,,,,,,,,,,,,,,,,
Lakeland,2009-01,458,566657,,,,,,,,,,,,,,,,,
Lakeland,2009-02,464,568612,,,,,,,,,,,,,,,,,
Lakeland,2009-03,636,570567,,,,,,,,,,,,,,,,,
Lakeland,2009-04,612,572522,,,,,,,,,,,,,,,,,
Lakeland,2009-05,661,574477,,,,,,,,,,,,,,,,,
Lakeland,2009-06,665,576432,,,,,,,,,,,,,,,,,
Lakeland,2009-07,646,578387,,,,,,,,,,,,,,,,,
Lakeland,2009-08,603,580341,,,,,,,,,,,,,,,,,
Lakeland,2009-09,579,582296,,,,,,,,,,,,,,,,,
Lakeland,2009-10,661,584251,,,,,,,,,,,,,,,,,
Lakeland,2009-11,605,586206,,,,,,,,,,,,,,,,,
Lakeland,2009-12,667,588161,,,,,,,,,,,,,,,,,
Lakeland,2010-01,595,590116,,,,,,,,,,,,,,,,,
Lakeland,2010-02,563,590804,,,,,,,,,,,,,,,,,
Lakeland,2010-03,724,591493,,,,,,,,,,,,,,,,,
Lakeland,2010-04,803,592181,,,,,,,,,,,,,,,,,
Lakeland,2010-05,781,592869,,,,,,,,,,,,,,,,,
Lakeland,2010-06,877,593558,,,,,,,,,,,,,,,,,
Lakeland,2010-07,778,594246,,,,,,,,,,,,,,,,,
Lakeland,2010-08,672,594934,,,,,,,,,,,,,,,,,
Lakeland,2010-09,656,595623,,,,,,,,,,,,,,,,,
Lakeland,2010-10,572,596311,,,,,,,,,,,,,,,,,
Lakeland,2010-11,613,596999,,,,,,,,,,,,,,,,,
Lakeland,2010-12,546,597688,,,,,,,,,,,,,,,,,
Lakeland,2011-01,636,598376,,,,,,,,,,,,,,,,,
Lakeland,2011-02,573,598892,,,,,,,,,,,,,,,,,
Lakeland,2011-03,824,599407,,,,,,,,,,,,,,,,,
Lakeland,2011-04,700,599923,,,,,,,,,,,,,,,,,
Lakeland,2011-05,549,600438,,,,,,,,,,,,,,,,,
Lakeland,2011-06,695,600954,,,,,,,,,,,,,,,,,
Lakeland,2011-07,597,601469,,,,,,,,,,,,,,,,,
Lakeland,2011-08,684,601985,,,,,,,,,,,,,,,,,
Lakeland,2011-09,554,602500,,,,,,,,,,,,,,,,,
Lakeland,2011-10,578,603016,,,,,,,,,,,,,,,,,
Lakeland,2011-11,566,603531,,,,,,,,,,,,,,,,,
Lakeland,2011-12,612,604047,,,,,,,,,,,,,,,,,
Lakeland,2012-01,448,604562,,,,,,,,,,,,,,,,,
Lakeland,2012-02,493,605040,,,,,,,,,,,,,,,,,
Lakeland,2012-03,648,605518,,,,,,,,,,,,,,,,,
Lakeland,2012-04,693,605995,,,,,,,,,,,,,,,,,
Lakeland,2012-05,675,606473,,,,,,,,,,,,,,,,,
Lakeland,2012-06,603,606951,,,,,,,,,,,,,,,,,
Lakeland,2012-07,690,607429,,,,,,,,,,,,,,,,,
Lakeland,2012-08,652,607906,,,,,,,,,,,,,,,,,
Lakeland,2012-09,525,608384,,,,,,,,,,,,,,,,,
Lakeland,2012-10,703,608862,,,,,,,,,,,,,,,,,
Lakeland,2012-11,676,609340,,,,,,,,,,,,,,,,,
Lakeland,2012-12,695,609817,,,,,,,,,,,,,,,,,
Lakeland,2013-01,641,610295,,,,,,,,,,,,,,,,,
Lakeland,2013-02,653,610881,,,,,,,,,,,,,,,,,
Lakeland,2013-03,758,611466,,,,,,,,,,,,,,,,,
Lakeland,2013-04,984,612052,,,,,,,,,,,,,,,,,
Lakeland,2013-05,816,612638,,,,,,,,,,,,,,,,,
Lakeland,2013-06,835,613223,,,,,,,,,,,,,,,,,
Lakeland,2013-07,759,613809,,,,,,,,,,,,,,,,,
Lakeland,2013-08,804,614395,,,,,,,,,,,,,,,,,
Lakeland,2013-09,747,614980,,,,,,,,,,,,,,,,,
Lakeland,2013-10,773,615566,,,,,,,,,,,,,,,,,
Lakeland,2013-11,618,616152,,,,,,,,,,,,,,,,,
Lakeland,2013-12,806,616737,,,,,,,,,,,,,,,,,
Lakeland,2014-01,633,617323,,,,,,,,,,,,,,,,,
Lakeland,2014-02,655,618102,,,,,,,,,,,,,,,,,
Lakeland,2014-03,755,618882,,,,,,,,,,,,,,,,,
Lakeland,2014-04,926,619661,,,,,,,,,,,,,,,,,
Lakeland,2014-05,962,620441,,,,,,,,,,,,,,,,,
Lakeland,2014-06,834,621220,,,,,,,,,,,,,,,,,
Lakeland,2014-07,850,622000,,,,,,,,,,,,,,,,,
Lakeland,2014-08,876,622779,,,,,,,,,,,,,,,,,
Lakeland,2014-09,866,623558,,,,,,,,,,,,,,,,,
Lakeland,2014-10,888,624338,,,,,,,,,,,,,,,,,
Lakeland,2014-11,713,625117,,,,,,,,,,,,,,,,,
Lakeland,2014-12,864,625897,,,,,,,,,,,,,,,,,
Lakeland,2015-01,691,626676,,,,,,,,,,,,,,,,,
Lakeland,2015-02,767,627594,,,,,,,,,,,,,,,,,
Lakeland,2015-03,1011,628512,,,,,,,,,,,,,,,,,
Lakeland,2015-04,1078,629430,,,,,,,,,,,,,,,,,
Lakeland,2015-05,990,630348,,,,,,,,,,,,,,,,,
Lakeland,2015-06,1168,631266,,,,,,,,,,,,,,,,,
Lakeland,2015-07,1068,632184,,,,,,,,,,,,,,,,,
Lakeland,2015-08,987,633101,,,,,,,,,,,,,,,,,
Lakeland,2015-09,973,634019,,,,,,,,,,,,,,,,,
Lakeland,2015-10,965,634937,,,,,,,,,,,,,,,,,
Lakeland,2015-11,792,635855,,,,,,,,,,,,,,,,,
Lakeland,2015-12,1018,636773,,,,,,,,,,,,,,,,,
Lakeland,2016-01,752,637691,,,,,,,,,,,,,,,,,
Lakeland,2016-02,851,638609,,,,,,,,,,,,,,,,,
Lakeland,2016-03,1086,639527,,,,,,,,,,,,,,,,,
Lakeland,2016-04,1105,640445,,,,,,,,,,,,,,,,,
Lakeland,2016-05,1095,641363,,,,,,,,,,,,,,,,,
Lakeland,2016-06,1336,642281,,,,,,,,,,,,,,,,,
Lakeland,2016-07,1144,643198,,,,,,,,,,,,,,,,,
Lakeland,2016-08,1168,644116,,,,,,,,,,,,,,,,,
Lakeland,2016-09,736,645034,,,,,,,,,,,,,,,,,
Lakeland,2016-10,979,645952,,,,,,,,,,,,,,,,,
Lakeland,2016-11,969,646870,,,,,,,,,,,,,,,,,
Lakeland,2016-12,1061,647788,,,,,,,,,,,,,,,,,
Lakeland,2017-01,705,,,,,,,,,,,,,,,,,,
Lakeland,2017-02,835,,,,,,,,,,,,,,,,,,
Lakeland,2017-03,1173,,,,,,,,,,,,,,,,,,
Lakeland,2017-04,1012,,,,,,,,,,,,,,,,,,
Lakeland,2017-05,1193,,,,,,,,,,,,,,,,,,
Lakeland,2017-06,1106,,,,,,,,,,,,,,,,,,
Lakeland,2017-07,1204,,,,,,,,,,,,,,,,,,
Lakeland,2017-08,1220,,,,,,,,,,,,,,,,,,
Lakeland,2017-09,777,,,,,,,,,,,,,,,,,,
Lakeland,2017-10,1051,,,,,,,,,,,,,,,,,,
Lakeland,2017-11,1062,,,,,,,,,,,,,,,,,,
Lakeland,2017-12,1001,,,,,,,,,,,,,,,,,,
Nashville,2007-01,,1486442,25,67,16,67,20,65,45,28,12,23,80,15,51,68,22,46,28
Nashville,2007-02,,1489153,28,69,12,69,23,64,23,20,14,27,79,23,41,66,21,39,37
Nashville,2007-03,,1491864,25,81,27,63,22,64,0,24,18,26,83,0,48,60,22,37,30
Nashville,2007-04,,1494574,25,59,11,73,24,67,0,28,14,30,76,7,50,67,26,30,33
Nashville,2007-05,,1497285,27,68,7,68,25,75,10,22,9,40,87,13,51,63,24,35,27
Nashville,2007-06,,1499996,31,68,12,80,32,73,34,21,12,36,94,7,53,45,26,35,40
Nashville,2007-07,,1502707,32,72,23,76,27,73,22,28,21,41,86,14,50,59,27,38,31
Nashville,2007-08,,1505417,31,77,14,70,19,64,0,25,16,30,81,6,59,81,27,36,29
Nashville,2007-09,,1508128,27,70,13,67,14,60,0,24,16,27,71,0,50,71,24,44,27
Nashville,2007-10,,1510839,24,46,12,61,16,67,18,21,15,32,71,6,49,65,23,48,29
Nashville,2007-11,,1513550,29,62,12,59,15,69,0,23,19,29,66,12,45,63,44,47,35
Nashville,2007-12,,1516260,26,50,27,62,15,61,19,17,21,31,70,0,36,57,41,53,26
Nashville,2008-01,,1518971,32,97,29,73,21,67,25,20,28,41,78,11,60,68,26,51,25
Nashville,2008-02,,1519111,28,84,30,64,16,63,8,22,20,38,79,6,55,72,24,41,33
Nashville,2008-03,2293,1519251,28,89,21,67,20,65,17,19,15,36,82,6,55,64,24,37,28
Nashville,2008-04,2445,1519391,33,70,12,66,14,66,16,23,19,33,79,0,59,64,24,41,34
Nashville,2008-05,2501,1519530,27,58,16,66,20,75,9,22,20,33,82,12,58,64,27,42,38
Nashville,2008-06,2711,1519670,25,70,20,73,20,80,10,26,30,44,95,12,61,50,31,41,35
Nashville,2008-07,2715,1519810,34,50,9,79,22,80,0,28,23,32,88,12,63,60,30,49,42
Nashville,2008-08,2409,1519950,30,51,24,70,22,75,0,29,18,32,74,23,62,77,26,44,32
Nashville,2008-09,2142,1520090,33,60,14,60,17,59,8,27,33,25,69,21,64,70,24,43,30
Nashville,2008-10,1981,1520230,33,50,13,61,14,58,15,30,19,32,65,20,60,69,28,45,29
Nashville,2008-11,1439,1520369,32,66,11,59,15,60,8,16,30,29,60,32,60,67,47,46,27
Nashville,2008-12,1535,1520509,39,82,44,67,15,69,8,17,18,34,62,10,54,62,53,49,25
Nashville,2009-01,1252,1520649,35,90,46,75,13,65,29,23,32,34,68,56,77,72,31,39,35
Nashville,2009-02,1410,1522390,35,80,21,68,19,70,0,18,29,40,69,62,64,67,24,39,37
Nashville,2009-03,1727,1524131,36,94,54,82,22,70,14,18,38,38,75,62,65,71,29,39,36
Nashville,2009-04,1889,1525872,36,67,49,70,20,62,27,22,22,37,63,13,59,65,25,39,23
Nashville,2009-05,1931,1527613,28,69,23,72,25,82,7,25,20,39,75,38,68,68,33,34,23
Nashville,2009-06,2412,1529354,37,71,30,77,20,80,38,25,30,46,92,40,72,49,32,46,33
Nashville,2009-07,2453,1531095,40,69,16,82,26,81,7,25,29,43,94,82,69,60,28,39,39
Nashville,2009-08,2262,1532836,35,61,17,70,20,78,21,26,33,38,72,69,72,85,27,46,28
Nashville,2009-09,2232,1534577,35,52,12,67,20,64,20,20,35,39,72,21,69,82,31,48,29
Nashville,2009-10,2330,1536318,38,52,18,65,17,71,6,24,25,41,70,38,63,77,29,47,30
Nashville,2009-11,2188,1538059,39,50,26,71,16,68,7,18,23,36,60,65,64,71,54,47,21
Nashville,2009-12,1982,1539800,41,48,21,67,16,66,7,21,20,38,58,17,53,58,54,46,23
Nashville,2010-01,1328,1541541,42,60,21,74,20,69,12,19,27,42,66,23,76,75,32,52,34
Nashville,2010-02,1451,1543868,47,51,26,74,21,73,12,21,30,45,74,48,66,79,28,40,42
Nashville,2010-03,2239,1546196,45,58,20,75,25,72,6,29,39,46,80,48,69,69,29,39,32
Nashville,2010-04,2371,1548523,39,48,24,71,18,72,34,23,20,41,69,44,65,69,29,42,33
Nashville,2010-05,2438,1550851,43,44,24,70,23,70,0,25,39,43,79,38,69,73,33,40,33
Nashville,2010-06,2751,1553178,50,70,23,79,18,77,12,31,37,48,85,63,70,51,33,53,40
Nashville,2010-07,1950,1555506,48,49,48,75,26,72,33,27,40,39,84,80,69,58,34,46,41
Nashville,2010-08,1896,1557833,48,66,42,71,20,71,5,29,40,37,71,27,71,87,34,43,36
Nashville,2010-09,1905,1560160,40,55,19,72,23,70,30,23,38,32,68,36,64,82,31,55,33
Nashville,2010-10,1676,1562488,47,45,36,61,23,64,10,32,35,29,59,48,61,70,35,52,26
Nashville,2010-11,1621,1564815,45,46,22,71,24,63,33,20,46,38,58,37,63,73,60,54,25
Nashville,2010-12,1694,1567143,50,33,21,66,17,64,19,27,36,35,55,54,53,63,58,55,25
Nashville,2011-01,1353,1569470,39,47,29,69,26,63,29,25,39,39,62,54,64,75,34,53,36
Nashville,2011-02,1430,1571635,46,47,25,72,23,66,20,24,33,37,61,29,57,70,34,48,36
Nashville,2011-03,1735,1573801,38,47,22,73,25,70,23,24,35,38,69,18,58,62,32,52,33
Nashville,2011-04,1730,1575966,36,40,23,69,22,70,13,25,34,38,60,30,58,62,34,48,32
Nashville,2011-05,2052,1578131,36,43,11,73,29,72,10,29,37,41,72,26,65,63,36,48,40
Nashville,2011-06,2179,1580297,39,46,23,75,30,79,20,30,31,46,79,37,67,47,39,51,50
Nashville,2011-07,2043,1582462,41,44,21,76,32,74,34,33,36,45,79,39,64,59,40,51,40
Nashville,2011-08,2269,1584627,34,54,30,69,34,72,18,29,39,38,61,42,67,77,39,56,36
Nashville,2011-09,1965,1586793,41,46,23,69,21,67,27,21,30,38,54,30,62,69,35,58,37
Nashville,2011-10,1757,1588958,41,51,31,67,22,67,14,23,41,38,52,32,57,65,42,79,32
Nashville,2011-11,1710,1591123,44,46,25,65,22,63,11,22,32,32,46,13,52,61,67,71,23
Nashville,2011-12,1842,1593289,42,46,20,63,27,66,13,21,45,32,50,22,48,51,63,69,26
Nashville,2012-01,1630,1595454,40,53,25,72,30,66,28,24,58,37,54,21,63,65,39,61,37
Nashville,2012-02,1656,1604383,39,53,27,69,29,71,9,23,49,35,58,8,56,64,39,51,38
Nashville,2012-03,2018,1613312,37,50,23,70,33,75,20,24,47,36,59,9,52,59,39,63,41
Nashville,2012-04,2296,1622241,39,52,22,72,37,68,28,23,55,36,57,21,60,61,37,54,36
Nashville,2012-05,2548,1631170,38,51,20,72,31,76,28,26,42,38,67,19,60,57,37,52,52
Nashville,2012-06,2556,1640099,40,56,30,74,33,78,28,27,45,41,77,13,56,44,40,54,47
Nashville,2012-07,2772,1649029,39,55,34,77,36,74,36,28,45,38,68,26,61,60,44,58,46
Nashville,2012-08,2649,1657958,39,47,23,70,36,72,44,25,34,33,54,14,61,78,39,62,42
Nashville,2012-09,2127,1666887,34,50,25,70,34,65,24,21,40,29,51,11,58,67,41,90,36
Nashville,2012-10,2376,1675816,38,45,22,65,30,64,20,23,35,32,47,16,53,61,39,73,38
Nashville,2012-11,1979,1684745,50,38,22,64,22,63,18,27,35,31,40,20,48,58,78,71,28
Nashville,2012-12,2090,1693674,53,32,13,65,22,61,21,31,39,31,42,25,41,56,68,72,27
Nashville,2013-01,1850,1702603,37,50,24,77,33,66,25,26,42,35,52,40,60,70,40,60,37
Nashville,2013-02,1715,1704929,40,48,26,74,39,67,27,23,50,37,54,8,56,64,38,56,39
Nashville,2013-03,2214,1707255,36,51,21,76,38,71,28,27,52,39,58,17,53,58,40,53,39
Nashville,2013-04,2838,1709581,38,44,25,73,38,73,24,23,49,34,54,12,55,56,39,53,37
Nashville,2013-05,2975,1711907,41,42,20,77,39,76,20,26,50,39,62,17,56,57,41,55,44
Nashville,2013-06,3023,1714233,43,41,22,79,39,81,32,26,46,39,65,14,57,43,46,59,46
Nashville,2013-07,3280,1716559,50,40,15,77,37,83,25,33,47,38,67,17,56,52,45,57,44
Nashville,2013-08,2889,1718885,51,35,15,73,34,77,11,36,46,31,53,12,58,73,44,58,41
Nashville,2013-09,2576,1721211,35,36,8,71,37,72,32,20,40,32,51,12,54,67,41,83,36
Nashville,2013-10,2592,1723537,39,39,12,69,37,68,23,26,37,30,52,24,55,59,44,66,37
Nashville,2013-11,2188,1725863,44,28,10,69,29,68,13,24,35,30,43,19,52,57,77,62,23
Nashville,2013-12,2317,1728189,41,31,7,72,32,67,21,21,33,34,47,12,46,54,72,71,32
Nashville,2014-01,1912,1730515,38,40,17,78,42,70,26,24,39,43,51,30,62,69,39,54,37
Nashville,2014-02,1992,1733126,40,38,17,79,38,78,24,24,43,38,57,26,54,66,43,55,39
Nashville,2014-03,2417,1735737,40,34,11,76,35,83,32,32,39,45,61,21,52,59,46,51,34
Nashville,2014-04,2962,1738348,37,36,10,80,45,74,25,25,33,38,56,18,57,58,41,51,39
Nashville,2014-05,3137,1740959,39,35,15,84,49,80,19,25,33,40,65,15,60,58,44,50,47
Nashville,2014-06,3450,1743570,35,33,11,86,49,83,19,29,40,45,76,16,60,42,45,53,52
Nashville,2014-07,3560,1746182,39,35,16,83,52,83,29,28,35,46,71,11,60,55,48,59,57
Nashville,2014-08,3256,1748793,39,36,15,76,51,80,24,27,41,38,59,12,62,71,47,60,48
Nashville,2014-09,3212,1751404,37,31,15,73,51,72,25,23,39,36,55,9,58,64,43,94,45
Nashville,2014-10,3153,1754015,37,32,12,72,42,75,12,21,35,38,53,10,54,59,44,77,40
Nashville,2014-11,2625,1756626,38,27,12,76,38,73,12,18,31,35,45,5,48,59,80,77,33
Nashville,2014-12,2831,1759237,43,27,14,74,31,72,24,22,30,37,46,6,46,48,77,71,30
Nashville,2015-01,2050,1761848,39,39,22,79,49,77,26,26,32,42,55,7,58,64,43,59,43
Nashville,2015-02,1998,1764575,42,34,16,77,42,82,24,26,40,45,56,11,50,67,45,56,41
Nashville,2015-03,3031,1767302,42,39,20,79,52,83,21,32,42,46,63,5,53,59,44,69,45
Nashville,2015-04,3033,1770029,39,41,15,83,53,85,29,29,36,40,59,6,57,55,44,66,52
Nashville,2015-05,3579,1772755,43,40,12,83,53,89,33,29,33,45,68,7,57,57,50,63,46
Nashville,2015-06,4273,1775482,43,40,20,86,54,89,28,34,40,51,78,11,61,42,51,68,61
Nashville,2015-07,4222,1778209,39,39,18,83,61,84,20,32,31,43,76,6,61,51,51,63,73
Nashville,2015-08,3864,1780936,39,40,22,81,59,81,22,30,29,43,62,7,65,73,46,67,56
Nashville,2015-09,3758,1783663,36,35,20,78,47,77,24,27,24,47,60,3,59,65,44,86,55
Nashville,2015-10,3432,1786390,38,33,23,75,48,76,24,31,25,40,59,3,54,58,50,73,46
Nashville,2015-11,2471,1789116,39,28,12,75,43,73,13,27,20,38,49,7,47,53,83,85,36
Nashville,2015-12,3265,1791843,39,27,11,78,40,78,14,28,20,43,51,7,44,46,81,79,38
Nashville,2016-01,2315,1794570,30,32,14,80,47,77,17,30,22,51,55,6,52,67,42,66,35
Nashville,2016-02,2469,1797297,34,35,14,78,46,83,28,33,26,50,61,8,52,68,42,63,39
Nashville,2016-03,3171,1800024,35,35,18,82,52,88,22,36,23,51,66,6,50,53,43,61,42
Nashville,2016-04,3315,1802751,34,38,18,84,55,86,21,30,20,45,60,3,54,56,42,64,40
Nashville,2016-05,3798,1805477,33,36,14,84,54,91,23,30,18,57,68,9,55,55,46,62,41
Nashville,2016-06,4223,1808204,34,37,20,86,59,88,22,36,19,59,78,2,56,40,53,63,46
Nashville,2016-07,3470,1810931,33,35,19,87,59,88,34,32,20,60,75,3,54,53,51,63,43
Nashville,2016-08,3779,1813658,35,39,24,78,52,86,32,33,23,51,59,7,55,71,47,64,38
Nashville,2016-09,3443,1816385,31,32,19,80,44,83,25,31,20,46,53,6,51,63,46,89,33
Nashville,2016-10,3557,1819112,31,29,17,76,47,79,27,29,17,48,59,5,50,55,47,75,32
Nashville,2016-11,3246,1821838,31,31,12,76,44,73,24,29,15,45,51,4,44,52,74,80,25
Nashville,2016-12,3648,1824565,32,27,14,78,41,77,29,26,15,53,52,5,42,44,72,88,23
Nashville,2017-01,2677,,28,35,18,85,55,80,20,30,18,58,51,6,55,63,45,74,35
Nashville,2017-02,2618,,31,36,18,81,58,84,35,28,17,50,60,5,53,58,45,67,37
Nashville,2017-03,3744,,31,35,18,84,59,84,31,32,17,61,65,7,51,55,47,64,37
Nashville,2017-04,3361,,31,33,14,85,60,85,30,28,17,59,64,3,50,54,46,67,40
Nashville,2017-05,4200,,34,34,14,88,60,90,28,31,20,67,69,6,54,55,49,67,37
Nashville,2017-06,4443,,33,33,24,88,62,93,30,33,17,73,76,3,53,39,52,68,44
Nashville,2017-07,3849,,32,33,20,90,64,98,22,33,16,57,72,5,54,53,54,69,40
Nashville,2017-08,4286,,33,37,21,84,62,86,33,31,18,58,60,4,57,71,52,74,38
Nashville,2017-09,3576,,33,31,20,79,54,84,38,29,17,57,66,5,57,62,47,92,30
Nashville,2017-10,3615,,33,31,16,79,55,84,25,27,15,51,61,6,54,54,52,79,30
Nashville,2017-11,3324,,31,28,15,84,49,80,26,28,15,51,49,5,47,54,79,95,24
Nashville,2017-12,,,31,29,13,84,45,77,32,26,19,55,52,4,43,44,74,100,23
Tampa,2007-01,,2687027,54,85,24,73,36,74,10,49,44,40,81,16,50,61,23,38,35
Tampa,2007-02,,2689112,49,82,25,69,38,72,26,47,45,38,79,3,41,58,23,31,33
Tampa,2007-03,,2691196,52,93,33,73,37,72,29,47,35,45,94,16,44,56,22,35,47
Tampa,2007-04,,2693281,47,78,20,68,38,72,9,42,36,41,92,12,50,58,23,29,48
Tampa,2007-05,,2695365,54,74,23,73,35,82,4,41,48,45,93,14,50,62,24,33,44
Tampa,2007-06,,2697450,55,75,19,71,35,76,9,44,33,46,94,9,56,49,24,32,53
Tampa,2007-07,,2699535,52,97,32,71,40,74,4,45,36,46,93,14,57,52,27,36,39
Tampa,2007-08,,2701619,53,98,21,70,38,78,4,46,41,36,80,16,57,80,24,33,43
Tampa,2007-09,,2703704,50,70,24,66,29,69,0,42,36,37,75,20,57,70,25,44,40
Tampa,2007-10,,2705788,52,65,24,63,28,69,16,34,33,36,72,18,55,67,25,42,30
Tampa,2007-11,,2707873,51,59,17,62,32,73,21,38,44,37,64,11,47,61,41,43,32
Tampa,2007-12,,2709957,54,58,16,60,32,71,16,31,28,37,62,5,46,52,44,52,30
Tampa,2008-01,,2712042,51,88,26,69,34,71,11,44,42,42,75,17,61,60,26,43,40
Tampa,2008-02,,2713497,47,73,30,70,35,75,11,38,37,40,80,20,54,62,25,41,48
Tampa,2008-03,2472,2714952,51,82,30,68,29,77,18,41,40,42,85,12,56,59,26,37,41
Tampa,2008-04,2834,2716407,55,76,23,67,32,81,22,35,43,39,80,14,59,58,25,38,43
Tampa,2008-05,2707,2717862,55,61,20,68,36,88,22,42,43,39,87,2,65,62,29,36,57
Tampa,2008-06,2909,2719317,47,57,11,71,35,89,19,45,41,46,77,20,65,52,30,38,51
Tampa,2008-07,3111,2720772,51,53,14,72,37,78,11,41,44,39,81,24,65,54,27,49,51
Tampa,2008-08,2648,2722226,55,53,19,68,32,69,15,46,38,36,71,21,65,77,29,39,41
Tampa,2008-09,2652,2723681,55,53,19,65,35,66,18,46,43,44,62,28,72,73,27,44,40
Tampa,2008-10,2742,2725136,52,50,8,54,26,65,12,34,29,37,66,36,64,64,26,37,25
Tampa,2008-11,2030,2726591,51,52,16,60,30,73,22,29,39,39,54,31,60,62,46,47,37
Tampa,2008-12,2484,2728046,57,64,39,62,28,70,14,35,48,48,58,44,55,55,52,47,38
Tampa,2009-01,2258,2729501,56,85,43,70,37,74,17,37,60,47,62,42,73,61,29,38,36
Tampa,2009-02,2117,2730822,59,71,16,62,36,73,14,37,62,53,69,44,62,60,28,31,36
Tampa,2009-03,2862,2732143,56,82,32,70,36,74,10,37,44,48,79,43,60,60,30,38,38
Tampa,2009-04,2901,2733463,57,72,52,65,38,77,23,35,46,51,76,36,59,61,28,35,42
Tampa,2009-05,2804,2734784,55,64,25,66,43,78,10,34,55,48,77,32,65,65,28,33,45
Tampa,2009-06,3369,2736105,60,73,22,68,43,82,25,46,49,58,82,42,70,53,33,37,36
Tampa,2009-07,3366,2737426,62,68,24,71,39,81,41,49,42,58,85,38,71,52,31,35,41
Tampa,2009-08,3008,2738746,60,64,14,71,44,81,34,61,44,52,73,35,70,80,32,39,35
Tampa,2009-09,2936,2740067,62,61,21,65,40,70,10,44,49,49,62,49,73,76,29,44,34
Tampa,2009-10,3275,2741388,59,58,18,63,31,74,32,42,41,49,62,42,66,73,33,43,37
Tampa,2009-11,2896,2742709,62,42,21,65,29,75,34,42,38,46,54,37,62,60,55,46,30
Tampa,2009-12,3426,2744029,69,46,13,65,28,71,20,40,38,51,56,37,55,54,53,45,28
Tampa,2010-01,2401,2745350,62,51,19,69,43,73,21,49,51,57,66,24,63,65,33,56,34
Tampa,2010-02,2230,2747414,66,49,15,69,35,76,6,42,68,55,70,39,60,64,31,40,36
Tampa,2010-03,3477,2749477,63,53,20,66,39,78,14,44,65,55,78,32,60,63,30,38,42
Tampa,2010-04,3373,2751541,61,49,15,67,40,76,9,42,51,61,80,24,62,64,33,43,35
Tampa,2010-05,3408,2753605,51,47,15,66,36,82,9,43,59,60,82,33,68,69,32,48,40
Tampa,2010-06,3731,2755668,58,57,22,70,39,79,13,49,66,65,87,62,73,58,33,53,43
Tampa,2010-07,3148,2757732,61,56,30,64,41,81,18,43,62,54,83,100,72,55,32,47,42
Tampa,2010-08,2749,2759796,60,50,26,62,43,73,18,55,60,49,73,25,63,80,33,45,36
Tampa,2010-09,2908,2761859,60,50,27,62,39,72,15,42,65,44,64,13,63,73,33,57,41
Tampa,2010-10,2949,2763923,64,39,24,59,38,70,26,42,61,43,58,20,59,71,36,49,43
Tampa,2010-11,2767,2765987,64,46,18,62,41,69,20,45,69,41,56,22,56,63,57,62,39
Tampa,2010-12,3486,2768050,65,41,21,60,41,73,11,38,70,48,49,43,51,55,58,60,36
Tampa,2011-01,3072,2770114,62,44,13,70,49,72,20,45,74,58,61,15,58,62,39,54,46
Tampa,2011-02,2916,2772089,55,47,8,67,46,76,25,50,78,60,68,21,53,58,38,48,48
Tampa,2011-03,4004,2774064,47,39,14,65,46,80,24,45,71,55,76,23,52,57,36,57,51
Tampa,2011-04,4082,2776039,50,41,12,64,50,71,14,47,73,53,70,24,53,51,36,49,50
Tampa,2011-05,3704,2778014,50,40,11,62,46,74,20,39,67,56,72,23,61,57,38,46,51
Tampa,2011-06,3934,2779989,53,39,10,63,46,76,24,49,70,62,80,17,61,50,41,51,53
Tampa,2011-07,3393,2781964,51,44,14,67,56,79,28,50,79,63,79,14,62,51,43,55,61
Tampa,2011-08,3707,2783939,44,36,18,57,42,68,21,44,69,53,58,16,57,70,39,47,42
Tampa,2011-09,3273,2785914,43,36,17,56,36,67,15,42,64,49,52,16,54,59,37,49,40
Tampa,2011-10,2929,2787889,43,38,23,57,36,64,16,43,57,42,48,22,52,54,40,72,38
Tampa,2011-11,2861,2789864,53,39,25,65,45,70,27,38,65,44,45,12,50,54,66,72,40
Tampa,2011-12,3266,2791839,50,36,19,67,43,68,15,40,65,42,47,17,45,46,64,72,40
Tampa,2012-01,2689,2793814,53,48,24,70,55,72,18,44,74,52,54,19,54,58,42,57,52
Tampa,2012-02,2507,2795933,52,46,26,68,60,76,23,47,79,55,64,19,49,56,40,51,59
Tampa,2012-03,3616,2798052,50,47,27,69,59,77,22,45,70,57,71,12,48,52,40,61,62
Tampa,2012-04,3621,2800171,51,46,23,66,59,77,26,44,72,50,65,13,53,52,37,54,58
Tampa,2012-05,3990,2802290,52,42,23,68,56,79,21,42,70,53,70,18,57,57,38,53,60
Tampa,2012-06,3957,2804409,46,46,28,68,56,78,16,49,68,57,71,12,59,50,40,60,62
Tampa,2012-07,3921,2806528,46,46,29,72,58,79,27,53,70,59,71,13,56,50,42,54,63
Tampa,2012-08,4062,2808646,46,39,17,67,58,71,17,51,69,51,57,17,58,77,44,58,54
Tampa,2012-09,3498,2810765,44,47,27,64,54,75,21,51,67,46,52,19,56,62,40,87,49
Tampa,2012-10,4415,2812884,41,41,27,61,54,67,16,41,58,48,47,25,52,60,41,67,46
Tampa,2012-11,3730,2815003,42,39,21,63,52,68,22,51,68,44,41,24,47,51,72,75,48
Tampa,2012-12,3965,2817122,42,32,18,63,44,69,25,41,76,49,41,21,43,52,69,78,46
Tampa,2013-01,4117,2819241,46,48,20,72,61,71,29,46,81,53,55,21,50,54,41,61,61
Tampa,2013-02,3635,2821907,46,44,17,71,67,77,23,41,82,60,61,7,46,54,41,56,62
Tampa,2013-03,4546,2824573,36,33,15,61,50,76,15,46,62,48,59,11,43,44,39,44,51
Tampa,2013-04,5040,2827240,41,47,24,69,59,74,22,44,74,52,64,13,49,51,38,51,61
Tampa,2013-05,5544,2829906,46,44,23,73,66,77,28,40,74,57,66,14,53,53,40,57,64
Tampa,2013-06,5305,2832572,44,43,21,72,68,78,27,42,74,61,68,10,56,46,44,59,76
Tampa,2013-07,5410,2835238,47,43,15,74,76,79,22,47,72,59,69,14,56,50,46,55,71
Tampa,2013-08,5158,2837904,45,41,15,69,73,76,24,47,81,53,57,7,58,76,46,57,67
Tampa,2013-09,4573,2840570,44,37,18,70,65,72,22,43,75,51,51,13,54,58,43,76,51
Tampa,2013-10,4669,2843237,42,38,10,67,62,73,25,40,66,51,49,21,55,59,45,63,52
Tampa,2013-11,3912,2845903,39,35,11,73,59,71,24,36,69,51,45,11,48,50,72,71,47
Tampa,2013-12,4628,2848569,41,31,10,71,51,73,21,42,63,53,48,33,44,43,70,71,51
Tampa,2014-01,3742,2851235,42,40,15,77,69,72,24,42,66,60,55,32,53,53,41,56,58
Tampa,2014-02,3968,2854337,51,37,11,78,73,80,22,43,75,63,61,34,51,52,41,54,63
Tampa,2014-03,4796,2857439,42,34,8,78,73,78,24,40,64,67,65,27,48,47,42,51,65
Tampa,2014-04,5401,2860541,43,37,12,74,79,78,19,36,66,59,61,41,53,50,41,53,67
Tampa,2014-05,5494,2863643,46,35,16,77,74,80,22,36,61,55,65,22,58,53,44,55,72
Tampa,2014-06,5654,2866745,51,41,17,80,88,82,29,41,69,59,73,24,60,47,45,58,84
Tampa,2014-07,5800,2869847,45,36,14,79,81,81,20,45,63,62,68,24,60,49,48,53,84
Tampa,2014-08,5692,2872948,46,38,14,73,81,78,32,43,60,52,58,24,57,72,48,55,74
Tampa,2014-09,5182,2876050,55,34,12,71,80,74,22,42,58,50,51,12,59,56,44,91,63
Tampa,2014-10,5656,2879152,52,34,14,69,71,74,23,37,52,47,46,13,53,56,45,70,55
Tampa,2014-11,4563,2882254,52,28,10,74,68,74,18,38,42,55,42,6,46,48,74,78,51
Tampa,2014-12,5984,2885356,55,30,12,74,64,73,15,37,47,59,45,10,44,42,72,69,51
Tampa,2015-01,4344,2888458,51,44,22,80,82,76,26,39,54,65,57,8,54,54,43,63,73
Tampa,2015-02,4484,2891729,56,40,15,78,81,81,25,43,53,65,63,7,50,55,43,60,69
Tampa,2015-03,6238,2895001,48,42,18,83,89,83,26,39,58,66,70,8,52,49,43,67,80
Tampa,2015-04,6526,2898272,46,38,19,82,91,83,30,39,56,65,64,6,52,49,46,65,78
Tampa,2015-05,6313,2901543,45,38,18,80,89,85,32,37,52,69,67,8,55,52,48,61,74
Tampa,2015-06,7307,2904815,49,40,20,80,95,86,28,44,50,74,69,11,56,44,47,67,86
Tampa,2015-07,6947,2908086,49,43,14,81,100,82,27,39,48,71,71,4,57,47,49,66,87
Tampa,2015-08,6222,2911357,46,42,13,78,98,86,41,40,54,63,56,10,57,74,47,63,72
Tampa,2015-09,6029,2914629,45,39,16,77,90,80,25,40,43,73,53,7,55,60,44,85,63
Tampa,2015-10,5807,2917900,45,37,14,74,88,83,23,38,46,65,53,7,49,57,47,70,59
Tampa,2015-11,5086,2921171,43,34,17,80,77,77,28,32,39,63,46,6,47,48,71,88,55
Tampa,2015-12,6069,2924443,49,33,15,76,72,76,17,34,39,64,49,7,42,40,70,85,54
Tampa,2016-01,4672,2927714,39,36,13,82,80,80,19,37,39,73,60,12,51,48,42,63,53
Tampa,2016-02,4806,2930985,39,35,17,80,77,85,28,39,34,77,68,8,46,48,40,59,58
Tampa,2016-03,6343,2934257,37,36,17,80,83,88,27,36,38,79,69,5,48,44,42,62,58
Tampa,2016-04,6261,2937528,36,35,20,79,84,87,19,36,32,69,70,5,49,46,40,64,56
Tampa,2016-05,6605,2940799,39,35,18,78,83,88,26,34,31,82,71,9,51,48,43,61,55
Tampa,2016-06,6806,2944071,38,34,20,76,82,88,31,38,25,82,71,8,52,45,50,64,59
Tampa,2016-07,6238,2947342,39,38,22,82,85,92,24,38,25,82,72,7,52,46,52,62,67
Tampa,2016-08,6310,2950613,39,35,23,72,82,83,19,40,32,76,57,6,52,67,44,62,52
Tampa,2016-09,5836,2953885,38,32,20,79,75,84,22,40,30,71,55,4,52,56,45,85,46
Tampa,2016-10,5760,2957156,39,29,20,76,74,82,24,36,29,73,53,6,48,52,45,69,48
Tampa,2016-11,5778,2960427,38,30,14,76,69,84,28,37,27,69,50,7,45,46,71,82,44
Tampa,2016-12,6685,2963699,40,32,15,78,67,88,24,37,25,82,49,4,42,40,73,89,41
Tampa,2017-01,5117,,39,37,14,82,86,84,28,39,26,89,61,8,51,49,47,72,54
Tampa,2017-02,5154,,40,37,14,79,91,89,27,39,30,80,66,6,47,49,48,66,58
Tampa,2017-03,6906,,37,38,17,80,90,97,29,48,26,97,74,9,47,45,49,66,63
Tampa,2017-04,6345,,37,36,14,83,95,91,30,39,28,93,69,6,49,48,50,73,57
Tampa,2017-05,7447,,41,38,19,82,89,98,28,41,25,90,70,4,53,52,49,69,59
Tampa,2017-06,7971,,44,37,21,86,92,94,26,48,29,100,73,7,56,41,51,69,57
Tampa,2017-07,6913,,42,35,20,86,92,96,28,51,28,91,73,5,51,47,55,69,64
Tampa,2017-08,6894,,45,33,18,81,88,93,30,46,29,80,61,3,56,70,53,69,52
Tampa,2017-09,5109,,44,33,11,91,72,78,22,39,20,88,86,8,44,49,57,75,61
Tampa,2017-10,6055,,43,34,14,79,87,93,30,43,28,78,60,8,49,53,52,74,48
Tampa,2017-11,5547,,44,31,13,85,76,89,38,43,23,78,51,7,45,45,78,92,42
Tampa,2017-12,,,45,29,14,80,74,88,26,42,26,79,52,4,42,40,77,95,39
